Year,A woman can apply for a passport in the same way as a man (1=yes; 0=no),"A woman can be ""head of household"" in the same way as a man (1=yes; 0=no)",A woman can choose where to live in the same way as a man (1=yes; 0=no),A woman can get a job in the same way as a man (1=yes; 0=no),A woman can obtain a judgment of divorce in the same way as a man (1=yes; 0=no),A woman can open a bank account in the same way as a man (1=yes; 0=no),A woman can register a business in the same way as a man (1=yes; 0=no),A woman can sign a contract in the same way as a man (1=yes; 0=no),A woman can travel outside her home in the same way as a man (1=yes; 0=no),A woman can travel outside the country in the same way as a man (1=yes; 0=no),A woman can work at night in the same way as a man (1=yes; 0=no),A woman can work in a job deemed dangerous in the same way as a man (1=yes; 0=no),A woman can work in an industrial job in the same way as a man (1=yes; 0=no),A woman has the same rights to remarry as a man (1=yes; 0=no),"Access to anti-retroviral drugs, female (%)","Access to anti-retroviral drugs, male (%)","Adjusted net enrollment rate, primary, female (% of primary school age children)","Adjusted net enrollment rate, primary, male (% of primary school age children)","Adolescent fertility rate (births per 1,000 women ages 15-19)","Age at first marriage, female","Age at first marriage, male","Age population, age 00, female, interpolated","Age population, age 00, male, interpolated","Age population, age 01, female, interpolated","Age population, age 01, male, interpolated","Age population, age 02, female, interpolated","Age population, age 02, male, interpolated","Age population, age 03, female, interpolated","Age population, age 03, male, interpolated","Age population, age 04, female, interpolated","Age population, age 04, male, interpolated","Age population, age 05, female, interpolated","Age population, age 05, male, interpolated",Births attended by skilled health staff (% of total),"Child employment in agriculture, female (% of female economically active children ages 7-14)","Child employment in agriculture, male (% of male economically active children ages 7-14)","Child employment in manufacturing, female (% of female economically active children ages 7-14)","Child employment in manufacturing, male (% of male economically active children ages 7-14)","Child employment in services, female (% of female economically active children ages 7-14)","Child employment in services, male (% of male economically active children ages 7-14)","Children in employment, female (% of female children ages 7-14)","Children in employment, male (% of male children ages 7-14)","Children in employment, study and work, female (% of female children in employment, ages 7-14)","Children in employment, study and work, male (% of male children in employment, ages 7-14)","Children in employment, work only, female (% of female children in employment, ages 7-14)","Children in employment, work only, male (% of male children in employment, ages 7-14)","Children out of school, primary, female","Children out of school, primary, male","Condom use, population ages 15-24, female (% of females ages 15-24)","Contraceptive prevalence, any method (% of married women ages 15-49)","Contributing family workers, female (% of female employment) (modeled ILO estimate)","Contributing family workers, male (% of male employment) (modeled ILO estimate)",Criminal penalties or civil remedies exist for sexual harassment in employment (1=yes; 0=no),Decision maker about Visits to her family or relatives: wife and husband jointly (% of women age 15-49),Decision maker about a woman's own health care: mainly husband (% of women age 15-49),Decision maker about a woman's own health care: mainly wife (% of women age 15-49),Decision maker about a woman's own health care: other (% of women age 15-49),Decision maker about a woman's own health care: someone else (% of women age 15-49),Decision maker about a woman's own health care: wife and husband jointly (% of women age 15-49),Decision maker about a woman's visits to her family or relatives: mainly husband (% of women age 15-49),Decision maker about a woman's visits to her family or relatives: mainly wife (% of women age 15-49),Decision maker about a woman's visits to her family or relatives: other (% of women age 15-49),Decision maker about a woman's visits to her family or relatives: someone else (% of women age 15-49),Decision maker about major household purchases: mainly husband (% of women age 15-49),Decision maker about major household purchases: mainly wife (% of women age 15-49),Decision maker about major household purchases: other (% of women age 15-49),Decision maker about major household purchases: someone else (% of women age 15-49),Decision maker about major household purchases: wife and husband jointly (% of women age 15-49),Demand for family planning satisfied by any methods (% of married women with demand for family planning),Dismissal of pregnant workers is prohibited (1=yes; 0=no),"Educational attainment, Doctoral or equivalent, population 25+, female (%) (cumulative)","Educational attainment, Doctoral or equivalent, population 25+, male (%) (cumulative)","Educational attainment, Doctoral or equivalent, population 25+, total (%) (cumulative)","Educational attainment, at least Bachelor's or equivalent, population 25+, female (%) (cumulative)","Educational attainment, at least Bachelor's or equivalent, population 25+, male (%) (cumulative)","Educational attainment, at least Bachelor's or equivalent, population 25+, total (%) (cumulative)","Educational attainment, at least Master's or equivalent, population 25+, female (%) (cumulative)","Educational attainment, at least Master's or equivalent, population 25+, male (%) (cumulative)","Educational attainment, at least Master's or equivalent, population 25+, total (%) (cumulative)","Educational attainment, at least completed lower secondary, population 25+, female (%) (cumulative)","Educational attainment, at least completed lower secondary, population 25+, male (%) (cumulative)","Educational attainment, at least completed lower secondary, population 25+, total (%) (cumulative)","Educational attainment, at least completed post-secondary, population 25+, female (%) (cumulative)","Educational attainment, at least completed post-secondary, population 25+, male (%) (cumulative)","Educational attainment, at least completed post-secondary, population 25+, total (%) (cumulative)","Educational attainment, at least completed primary, population 25+ years, female (%) (cumulative)","Educational attainment, at least completed primary, population 25+ years, male (%) (cumulative)","Educational attainment, at least completed primary, population 25+ years, total (%) (cumulative)","Educational attainment, at least completed short-cycle tertiary, population 25+, female (%) (cumulative)","Educational attainment, at least completed short-cycle tertiary, population 25+, male (%) (cumulative)","Educational attainment, at least completed short-cycle tertiary, population 25+, total (%) (cumulative)","Educational attainment, at least completed upper secondary, population 25+, female (%) (cumulative)","Educational attainment, at least completed upper secondary, population 25+, male (%) (cumulative)","Educational attainment, at least completed upper secondary, population 25+, total (%) (cumulative)","Employers, female (% of female employment) (modeled ILO estimate)","Employers, male (% of male employment) (modeled ILO estimate)","Employment in agriculture, female (% of female employment) (modeled ILO estimate)","Employment in agriculture, male (% of male employment) (modeled ILO estimate)","Employment in industry, female (% of female employment) (modeled ILO estimate)","Employment in industry, male (% of male employment) (modeled ILO estimate)","Employment in services, female (% of female employment) (modeled ILO estimate)","Employment in services, male (% of male employment) (modeled ILO estimate)","Employment to population ratio, 15+, female (%) (modeled ILO estimate)","Employment to population ratio, 15+, male (%) (modeled ILO estimate)","Employment to population ratio, ages 15-24, female (%) (modeled ILO estimate)","Employment to population ratio, ages 15-24, male (%) (modeled ILO estimate)",Female headed households (% of households with a female head),Female migrants (% of international migrant stock),Female professional and technical workers (% of total),"Fertility rate, total (births per woman)",Firms with female participation in ownership (% of firms),Firms with female top manager (% of firms),"Gross intake ratio in first grade of primary education, female (% of relevant age group)","Gross intake ratio in first grade of primary education, male (% of relevant age group)",Households with water 30 minutes or longer away round trip (%),Households with water less than 30 minutes away round trip (%),Households with water on the premises (%),"Incidence of HIV, ages 15-24, female (per 1,000 uninfected female population ages 15-24)","Incidence of HIV, ages 15-24, male (per 1,000 uninfected male population ages 15-24)","Incidence of HIV, ages 15-49, female (per 1,000 uninfected female population ages 15-49)","Incidence of HIV, ages 15-49, male (per 1,000 uninfected male population ages 15-49)","Labor force participation rate, female (% of female population ages 15+) (modeled ILO estimate)","Labor force participation rate, male (% of male population ages 15+) (modeled ILO estimate)","Labor force, female","Labor force, female (% of total labor force)",Law mandates equal remuneration for females and males for work of equal value (1=yes; 0=no),Length of paid maternity leave (calendar days),Length of paid parental leave for father (calendar days),Length of paid parental leave for mother (calendar days),Length of paid paternity leave (calendar days),Length of paid shared parental leave (calendar days),"Life expectancy at age 60, female (years)","Life expectancy at age 60, male (years)","Life expectancy at birth, female (years)","Life expectancy at birth, male (years)",Lifetime risk of maternal death (%),Lifetime risk of maternal death (1 in: rate varies by country),"Literacy rate, adult female (% of females ages 15 and above)","Literacy rate, adult male (% of males ages 15 and above)","Literacy rate, youth (ages 15-24), gender parity index (GPI)","Literacy rate, youth female (% of females ages 15-24)","Literacy rate, youth male (% of males ages 15-24)",Location of cooking: inside the house (% of households),Location of cooking: other places (% of households),Location of cooking: outdoors (% of households),Location of cooking: separate building (% of households),Main cooking fuel: LPG/natural gas/biogas (% of households),Main cooking fuel: agricultural crop (% of households),Main cooking fuel: charcoal (% of households),Main cooking fuel: electricity  (% of households),Main cooking fuel: straw/shrubs/grass (% of households),Main cooking fuel: wood (% of households),Male and female surviving spouses have equal rights to inherit assets (1=yes; 0=no),"Mandatory retirement age, female","Mandatory retirement age, male",Maternal leave benefits (% of wages paid in covered period),"Maternal mortality ratio (modeled estimate, per 100,000 live births)","Maternal mortality ratio (national estimate, per 100,000 live births)","Mortality rate, adult, female (per 1,000 female adults)","Mortality rate, adult, male (per 1,000 male adults)","Net intake rate in grade 1, female (% of official school-age population)","Net intake rate in grade 1, male (% of official school-age population)","Own-account workers, female (% of female employment) (modeled ILO estimate)","Own-account workers, male (% of male employment) (modeled ILO estimate)",Paid leave is available to fathers (1=yes; 0=no),Paid leave of at least 14 weeks available to mothers (1=yes; 0=no),"Part time employment, female (% of total female employment)","Part time employment, male (% of total male employment)","Persistence to grade 5, female (% of cohort)","Persistence to grade 5, male (% of cohort)","Persistence to last grade of primary, female (% of cohort)","Persistence to last grade of primary, male (% of cohort)",Pregnant women receiving prenatal care (%),"Prevalence of HIV, female (% ages 15-24)","Prevalence of HIV, male (% ages 15-24)","Prevalence of current tobacco use, females (% of female adults)","Prevalence of current tobacco use, males (% of male adults)","Prevalence of obesity, female (% of female population ages 18+)","Prevalence of obesity, male (% of male population ages 18+)","Prevalence of underweight, weight for age, female (% of children under 5)","Prevalence of underweight, weight for age, male (% of children under 5)","Primary completion rate, female (% of relevant age group)","Primary completion rate, male (% of relevant age group)","Primary education, pupils (% female)","Primary education, teachers (% female)","Progression to secondary school, female (%)","Progression to secondary school, male (%)",Proportion of seats held by women in national parliaments (%),Proportion of women in ministerial level positions (%),Ratio of female to male youth unemployment rate (% ages 15-24) (modeled ILO estimate),Ratio of female to male youth unemployment rate (%) (national estimate),"Repeaters, primary, female (% of female enrollment)","Repeaters, primary, male (% of male enrollment)","Retirement age with full benefits, female","Retirement age with full benefits, male","Rural population, female (% of total)","Rural population, male (% of total)","School enrollment, preprimary, female (% gross)","School enrollment, preprimary, male (% gross)","School enrollment, primary (gross), gender parity index (GPI)","School enrollment, primary and secondary (gross), gender parity index (GPI)","School enrollment, primary, female (% gross)","School enrollment, primary, female (% net)","School enrollment, primary, male (% gross)","School enrollment, primary, male (% net)","School enrollment, secondary (gross), gender parity index (GPI)","School enrollment, secondary, female (% gross)","School enrollment, secondary, female (% net)","School enrollment, secondary, male (% gross)","School enrollment, secondary, male (% net)","School enrollment, tertiary (gross), gender parity index (GPI)","School enrollment, tertiary, female (% gross)","School enrollment, tertiary, male (% gross)","School life expectancy, primary to tertiary, female (years)","School life expectancy, primary to tertiary, male (years)","Secondary education, general pupils (% female)","Secondary education, pupils (% female)","Secondary education, teachers (% female)","Secondary education, vocational pupils (% female)","Self-employed, female (% of female employment) (modeled ILO estimate)","Self-employed, male (% of male employment) (modeled ILO estimate)",Sons and daughters have equal rights to inherit assets from their parents (1=yes; 0=no),"Survival to age 65, female (% of cohort)","Survival to age 65, male (% of cohort)",Teenage mothers (% of women ages 15-19 who have had children or are currently pregnant),The age at which women and men can retire with full pension benefits is the same (1=yes; 0=no),The age at which women and men can retire with partial pension benefits is the same (1=yes; 0=no),The government administers 100 percent of maternity leave benefits (1=yes; 0=no),The law grants spouses equal administrative authority over assets during marriage (1=yes; 0=no),The law is free of legal provisions that require a married woman to obey her husband (1=yes; 0=no),The law prohibits discrimination in access to credit based on gender (1=yes; 0=no),The law prohibits discrimination in employment based on gender (1=yes; 0=no),The law provides for the valuation of nonmonetary contributions (1=yes; 0=no),The mandatory retirement age for women and men is the same (1=yes; 0=no),There are periods of absence due to childcare accounted for in pension benefits (1=yes; 0=no),There is legislation on sexual harassment in employment (1=yes; 0=no),There is legislation specifically addressing domestic violence (1=yes; 0=no),There is paid parental leave (1=yes; 0=no),"Time-related underemployment, female (% of employment)","Time-related underemployment, male (% of employment)","Unemployment, female (% of female labor force) (modeled ILO estimate)","Unemployment, male (% of male labor force) (modeled ILO estimate)","Unemployment, youth female (% of female labor force ages 15-24) (modeled ILO estimate)","Unemployment, youth male (% of male labor force ages 15-24) (modeled ILO estimate)","Urban population, female (% of total)","Urban population, male (% of total)","Vulnerable employment, female (% of female employment) (modeled ILO estimate)","Vulnerable employment, male (% of male employment) (modeled ILO estimate)","Wage and salaried workers, female (% of female employment) (modeled ILO estimate)","Wage and salaried workers, male (% of male employment) (modeled ILO estimate)",Wanted fertility rate (births per woman),Women Business and the Law Index Score (scale 1-100),Women and men have equal ownership rights to immovable property (1=yes; 0=no),"Women participating in decision of visits to family, relatives, friends (% of women age 15-49)",Women participating in decision of what food to cook daily (% of women age 15-49),Women participating in making daily purchase decisions (% of women age 15-49),Women participating in making major household purchase decisions (% of women age 15-49),"Women participating in none of the three decisions (own health care, major household purchases, and visiting family) (% of women age 15-49)",Women participating in own health care decisions (% of women age 15-49),"Women participating in the three decisions (own health care, major household purchases, and visiting family) (% of women age 15-49)",Women who believe a husband is justified in beating his wife (any of five reasons) (%),Women who believe a husband is justified in beating his wife when she argues with him (%),Women who believe a husband is justified in beating his wife when she burns the food (%),Women who believe a husband is justified in beating his wife when she goes out without telling him (%),Women who believe a husband is justified in beating his wife when she neglects the children (%),Women who believe a husband is justified in beating his wife when she refuses sex with him (%),Women who believe a wife is justified refusing sex with her husband for all of the reasons (%),Women who believe a wife is justified refusing sex with her husband for none of the reasons (%),Women who believe a wife is justified refusing sex with her husband if she has recently given birth (%),Women who believe a wife is justified refusing sex with her husband if she is tired or not in the mood (%),Women who believe a wife is justified refusing sex with her husband if she knows he has sex with other women (%),Women who believe a wife is justified refusing sex with her husband if she knows he has sexually transmitted disease (%),Women who were first married by age 15 (% of women ages 20-24),Women who were first married by age 18 (% of women ages 20-24),Women's share of population ages 15+ living with HIV (%)
1960,,,,,,,,,,,,,,,,,,,144.143,,,1698928.5,1768597.0,1532890.5,1586950.5,1431411.5,1478494.5,1347272.0,1388421.0,1273190.0,1309643.0,1207823.0,1240624.5,,,,,,,,,,,,,,,,,,,,,,,,,,,,,,,,,,,,,,,,,,,,,,,,,,,,,,,,,,,,,,,,,,,,,,,,,,,,,5.547,,,,,,,,,,,,,,,,,,,,,,14.8342,13.8941,47.933,45.022,,,,,,,,,,,,,,,,,,,,,,,,345.286,400.182,,,,,,,,,,,,,,,,,,,,,,,,,,,,,,,,,,,,,,,,,,,,,,,,,,,,,,,,,,,,,,,42.280346,36.703968,,,,,,,,,,,,,,,,,,,,,,,,,,,,,,,,,,,,,,,,,,,,,,,,,,,
1961,,,,,,,,,,,,,,,,,,,144.703,,,1751502.5,1824429.5,1587494.5,1644368.0,1485131.0,1534833.0,1401393.5,1445709.5,1328015.0,1367382.5,1260482.0,1295760.5,,,,,,,,,,,,,,,,,,,,,,,,,,,,,,,,,,,,,,,,,,,,,,,,,,,,,,,,,,,,,,,,,,,,,,,,,,,,,5.57,,,,,,,,,,,,,,,,,,,,,,14.8769,13.9461,48.545,45.734,,,,,,,,,,,,,,,,,,,,,,,,340.213,392.065,,,,,,,,,,,,,,,,,,,,,,,,,,,,,,,,,,,,,,,,,,,,,,,,,,,,,,,,,,,,,,,43.066986,37.663378,,,,,,,,,,,,,,,,,,,,,,,,,,,,,,,,,,,,,,,,,,,,,,,,,,,
1962,,,,,,,,,,,,,,,,,,,145.693,,,1799225.0,1875070.0,1640110.0,1700211.5,1540148.0,1592775.5,1455299.5,1502271.0,1382196.0,1424721.0,1315303.0,1353476.5,,,,,,,,,,,,,,,,,,,,,,,,,,,,,,,,,,,,,,,,,,,,,,,,,,,,,,,,,,,,,,,,,,,,,,,,,,,,,5.589,,,,,,,,,,,,,,,,,,,,,,14.9361,13.9989,49.225,46.557,,,,,,,,,,,,,,,,,,,,,,,,333.573,380.677,,,,,,,,,,,,,,,,,,,,,,,,,,,,,,,,,,,,,,,,,,,,,,,,,,,,,,,,,,,,,,,43.995338,38.822941,,,,,,,,,,,,,,,,,,,,,,,,,,,,,,,,,,,,,,,,,,,,,,,,,,,
1963,,,,,,,,,,,,,,,,,,,146.22,,,1844720.0,1923109.0,1688280.0,1751282.5,1593280.0,1649219.5,1510524.5,1560392.0,1436202.0,1481315.0,1369515.0,1410765.5,,,,,,,,,,,,,,,,,,,,,,,,,,,,,,,,,,,,,,,,,,,,,,,,,,,,,,,,,,,,,,,,,,,,,,,,,,,,,5.604,,,,,,,,,,,,,,,,,,,,,,14.9812,14.0022,49.829,47.075,,,,,,,,,,,,,,,,,,,,,,,,328.357,377.087,,,,,,,,,,,,,,,,,,,,,,,,,,,,,,,,,,,,,,,,,,,,,,,,,,,,,,,,,,,,,,,44.791907,39.409175,,,,,,,,,,,,,,,,,,,,,,,,,,,,,,,,,,,,,,,,,,,,,,,,,,,
1964,,,,,,,,,,,,,,,,,,,147.08,,,1888735.0,1969077.0,1734473.5,1800048.0,1642194.5,1701101.0,1564098.0,1617115.5,1491722.5,1539512.5,1423747.0,1467373.5,,,,,,,,,,,,,,,,,,,,,,,,,,,,,,,,,,,,,,,,,,,,,,,,,,,,,,,,,,,,,,,,,,,,,,,,,,,,,5.614,,,,,,,,,,,,,,,,,,,,,,15.1365,14.0298,50.851,47.675,,,,,,,,,,,,,,,,,,,,,,,,314.33,371.672,,,,,,,,,,,,,,,,,,,,,,,,,,,,,,,,,,,,,,,,,,,,,,,,,,,,,,,,,,,,,,,46.415537,40.16552,,,,,,,,,,,,,,,,,,,,,,,,,,,,,,,,,,,,,,,,,,,,,,,,,,,
1965,,,,,,,,,,,,,,,,,,,147.564,,,1921604.5,2002098.5,1771036.0,1837665.5,1682126.0,1743114.5,1608580.5,1664469.5,1541802.5,1592729.0,1476450.0,1522785.5,,,,,,,,,,,,,,,,,,,,,,,,,,,,,,,,,,,,,,,,,,,,,,,,,,,,,,,,,,,,,,,,,,,,,,,,,,,,,5.616,,,,,,,,,,,,,,,,,,,,,,13.7442,12.2523,46.589,39.127,,,,,,,,,,,,,,,,,,,,,,,,374.028,564.481,,,,,,,,,,,,,,,,,,,,,,,,,,,,,,,,,,,,,,,,,,,,,,,,,,,,,,,,,,,,,,,39.178966,24.963071,,,,,,,,,,,,,,,,,,,,,,,,,,,,,,,,,,,,,,,,,,,,,,,,,,,
1966,,,,,,,,,,,,,,,,,,,142.414,,,1952110.5,2033613.5,1804033.0,1870660.5,1718438.5,1780112.5,1647997.5,1705596.0,1585571.0,1639019.0,1525713.5,1574856.5,,,,,,,,,,,,,,,,,,,,,,,,,,,,,,,,,,,,,,,,,,,,,,,,,,,,,,,,,,,,,,,,,,,,,,,,,,,,,5.601,,,,,,,,,,,,,,,,,,,,,,15.0229,13.7933,50.174,46.321,,,,,,,,,,,,,,,,,,,,,,,,340.251,409.419,,,,,,,,,,,,,,,,,,,,,,,,,,,,,,,,,,,,,,,,,,,,,,,,,,,,,,,,,,,,,,,44.629005,37.41313,,,,,,,,,,,,,,,,,,,,,,,,,,,,,,,,,,,,,,,,,,,,,,,,,,,
1967,,,,,,,,,,,,,,,,,,,138.567,,,1984741.0,2067956.5,1844395.5,1912834.5,1759444.5,1821530.0,1689704.0,1747804.0,1628963.0,1683800.0,1572522.5,1623843.0,,,,,,,,,,,,,,,,,,,,,,,,,,,,,,,,,,,,,,,,,,,,,,,,,,,,,,,,,,,,,,,,,,,,,,,,,,,,,5.577,,,,,,,,,,,,,,,,,,,,,,15.3172,14.0694,52.837,49.366,,,,,,,,,,,,,,,,,,,,,,,,296.11,356.269,,,,,,,,,,,,,,,,,,,,,,,,,,,,,,,,,,,,,,,,,,,,,,,,,,,,,,,,,,,,,,,49.172347,42.317276,,,,,,,,,,,,,,,,,,,,,,,,,,,,,,,,,,,,,,,,,,,,,,,,,,,
1968,,,,,,,,,,,,,,,,,,,134.249,,,2008734.5,2092732.0,1880475.0,1950642.0,1802308.5,1866402.5,1732492.5,1791209.0,1672079.5,1727601.5,1617088.5,1669971.0,,,,,,,,,,,,,,,,,,,,,,,,,,,,,,,,,,,,,,,,,,,,,,,,,,,,,,,,,,,,,,,,,,,,,,,,,,,,,5.54,,,,,,,,,,,,,,,,,,,,,,15.3662,14.0803,53.45,49.885,,,,,,,,,,,,,,,,,,,,,,,,291.114,352.419,,,,,,,,,,,,,,,,,,,,,,,,,,,,,,,,,,,,,,,,,,,,,,,,,,,,,,,,,,,,,,,50.001485,42.950565,,,,,,,,,,,,,,,,,,,,,,,,,,,,,,,,,,,,,,,,,,,,,,,,,,,
1969,,,,,,,,,,,,,,,,,,,130.715,,,2034145.5,2119472.5,1907525.5,1978534.5,1840185.5,1906039.5,1776475.0,1837174.5,1715653.5,1771765.5,1660776.5,1714309.5,,,,,,,,,,,,,,,,,,,,,,,,,,,,,,,,,,,,,,,,,,,,,,,,,,,,,,,,,,,,,,,,,,,,,,,,,,,,,5.506,,,,,,,,,,,,,,,,,,,,,,15.4526,14.1355,54.195,50.59,,,,,,,,,,,,,,,,,,,,,,,,283.722,344.736,,,,,,,,,,,,,,,,,,,,,,,,,,,,,,,,,,,,,,,,,,,,,,,,,,,,,,,,,,,,,,,51.092912,43.936073,,,,,,,,,,,,,,,,,,,,,,,,,,,,,,,,,,,,,,,,,,,,,,,,,,,
1970,1.0,0.0,0.0,0.0,0.0,0.0,0.0,0.0,1.0,1.0,1.0,0.0,0.0,0.0,,,,,127.711,,,2060427.0,2147059.5,1935479.5,2007901.5,1868783.0,1935666.0,1815223.0,1877705.5,1760167.0,1818221.0,1704722.0,1758797.5,,,,,,,,,,,,,,,,,,,,0.0,,,,,,,,,,,,,,,,,0.0,,,,,,,,,,,,,,,,,,,,,,,,,,,,,,,,,,,,,,,,5.447,,,,,,,,,,,,,,,,0.0,0.0,0.0,0.0,0.0,0.0,15.5081,14.1701,54.873,51.193,,,,,,,,,,,,,,,,,,0.0,,,,,,277.18,338.992,,,,,0.0,0.0,,,,,,,,,,,,,,,,,,45.6,31.7999591827393,,,,,,,,,,,,,,,0.861469984054565,0.806020021438599,78.1663131713867,,90.616569519043,,0.532329976558685,12.6047496795654,,23.7591094970703,,0.327199995517731,1.37307000160217,4.19638013839722,5.46911,7.02829,37.09998,34.16979,,25.91155,,,0.0,52.07669,44.743444,,0.0,0.0,0.0,0.0,1.0,0.0,0.0,1.0,1.0,0.0,0.0,0.0,0.0,,,,,,,,,,,,,,20.625,0.0,,,,,,,,,,,,,,,,,,,,,,
1971,1.0,0.0,0.0,0.0,0.0,0.0,0.0,0.0,1.0,1.0,1.0,0.0,0.0,0.0,,,64.97287,74.98977,127.821,19.3,23.8,2081503.0,2169118.0,1964023.0,2037870.0,1898065.5,1966530.5,1844668.5,1908231.0,1799376.5,1859186.0,1749504.5,1805469.5,,,,,,,,,,,,,,3118116.0,2290116.0,,,,,0.0,,,,,,,,,,,,,,,,,0.0,,,,,,,,,,3.08014011383057,8.29526996612549,5.59492015838623,,,,14.0502595901489,31.8140296936035,22.6160793304443,0.179829999804497,0.745819985866547,0.452749997377396,,,,,,,,,,,,,,,,,,,5.363,,,,,,,,,,,,,,,,0.0,0.0,0.0,0.0,0.0,0.0,15.5798,14.1928,55.505,51.736,,,,,,,,,,,,,,,,,,0.0,,,,,,271.297,334.619,,,,,0.0,0.0,,,,,,,,,,,,,,,,,,45.0,,,,,,,,,,,,,,5.6618800163269,5.81068992614746,0.84103000164032,0.800249993801117,77.784782409668,64.97287,92.3514099121094,74.98977,0.590480029582977,13.7807302474976,,23.4887199401855,,,,,,,38.90509,36.45042,,29.43774,,,0.0,52.995905,45.431356,,0.0,0.0,0.0,0.0,1.0,0.0,0.0,1.0,1.0,0.0,0.0,0.0,0.0,,,,,,,,,,,,,,20.625,0.0,,,,,,,,,,,,,,,,,,,,,,
1972,1.0,0.0,0.0,0.0,0.0,0.0,0.0,0.0,1.0,1.0,1.0,0.0,0.0,0.0,,,66.09758,76.13424,126.61,,,2102173.0,2191043.0,1987464.0,2062476.5,1927847.0,1997862.5,1874731.0,1939941.5,1829322.0,1890251.0,1788982.0,1846709.0,,,,,,,,,,,,,,3144199.0,2288942.0,,,,,0.0,,,,,,,,,,,,,,,,,0.0,,,,,,,,,,,,,,,,,,,,,,,,,,,,,,,,,,,,,,,,5.291,,,,,,,,,,,,,,,,0.0,0.0,0.0,0.0,0.0,0.0,15.6486,14.2759,56.125,52.444,,,,,,,,,,,,,,,,,,0.0,,,,,,265.319,325.437,,,,,0.0,0.0,,,,,,,,,,,,,,,,,,45.1,,,,,,,,,,,,,,5.8032398223877,5.19186019897461,0.844630002975464,0.79926997423172,78.4986724853516,66.09758,92.8117599487305,76.13424,0.571579992771149,13.6035900115967,12.20769,23.9558200836182,20.24585,0.385549992322922,1.50414001941681,3.90132999420166,5.67379,7.36909,37.36805,35.68155,20.7994194030762,30.47594,,,0.0,53.9133,46.54264,,0.0,0.0,0.0,0.0,1.0,0.0,0.0,1.0,1.0,0.0,0.0,0.0,0.0,,,,,,,,,,,,,,20.625,0.0,,,,,,,,,,,,,,,,,,,,,,
1973,1.0,0.0,0.0,0.0,0.0,0.0,0.0,0.0,1.0,1.0,1.0,0.0,0.0,0.0,,,,,128.194,,,2127957.0,2218625.5,2010515.5,2086943.5,1952637.0,2023937.5,1905290.0,1972127.0,1859877.5,1922508.0,1819248.0,1878133.5,,,,,,,,,,,,,,,,,8.6,,,0.0,,,,,,,,,,,,,,,,,0.0,,,,,,,,,,,,,,,,,,,,,,,,,,,,,,,,,,,,,,,,5.217,,,,,,,,,,,,,,,,0.0,0.0,0.0,0.0,0.0,0.0,15.7202,14.3164,56.744,53.041,,,,,,,,,,,,,,,,,,0.0,,,,,,259.719,319.581,,,,,0.0,0.0,,,,,,,,,,,,,,,,,,44.65686,,,,,,,,,,,,,,6.01197004318237,5.33258008956909,0.82956999540329,0.786870002746582,77.7631225585938,,93.5998306274414,,0.57753998041153,13.9854202270508,12.42272,24.3445606231689,20.65378,,,,,,37.6021,35.93338,21.3535900115967,30.7183,,,0.0,54.812946,47.375343,,0.0,0.0,0.0,0.0,1.0,0.0,0.0,1.0,1.0,0.0,0.0,0.0,0.0,,,,,,,,,,,,,,20.625,0.0,,,,,,,,,,,,,,,,,,,,,,
1974,1.0,0.0,1.0,1.0,0.0,1.0,1.0,1.0,1.0,1.0,1.0,0.0,0.0,0.0,,,63.63501,77.99924,125.7,,,2145820.5,2238456.5,2038473.0,2116879.5,1977086.5,2049946.5,1930924.0,1999148.5,1890922.0,1955241.0,1850116.5,1910744.0,,,,,,,,,,,,,,3598080.0,2272313.0,,,,,0.0,,,,,,,,,,,,,,,,,0.0,,,,,,,,,,,,,,,,,,,,,,,,,,,,,,,,,,,,,,,,5.093,,,,,,,,,,,,,,,,0.0,0.0,0.0,0.0,0.0,0.0,15.781,14.367,57.299,53.642,,,,,,,,,,,,,,,,,,0.0,,,,,,255.144,313.607,,,,,0.0,0.0,,,,,,,,,,,,,,,,,,44.08009,,,,,,,,,,,,,,5.72673988342285,4.84794998168945,0.809979975223541,0.772750020027161,75.7208786010742,63.63501,93.2869033813477,77.99924,0.596570014953613,14.7380399703979,12.99715,24.8028602600098,21.07572,,,,,,38.99999,36.69915,21.6016101837158,29.70403,,,0.0,55.604651,48.229581,,0.0,0.0,0.0,1.0,1.0,0.0,0.0,1.0,1.0,0.0,0.0,0.0,0.0,,,,,,,,,,,,,,41.25,1.0,,,,,,,,,,,,,,,,,,,,,,
1975,1.0,0.0,1.0,1.0,0.0,1.0,1.0,1.0,1.0,1.0,1.0,0.0,0.0,0.0,,,68.58822,78.01059,120.747,,,2163890.5,2258897.0,2058673.0,2139330.5,2006233.5,2081247.0,1956149.5,2026052.0,1917041.5,1982823.0,1881452.5,1943810.0,,,,,,,,,,,,,,3188715.0,2330718.0,,,,,0.0,,,,,,,,,,,,,,,,,0.0,,,,,,,,,,,,,,,,,,,,,,,,,,,,,,,,,,,,,,,,5.035,,,,,,,,,,,,,,,,0.0,0.0,0.0,0.0,0.0,0.0,15.8494,14.3953,57.861,54.161,,,,,,,,,,,,,,,,,,0.0,,,,,,249.886,309.146,,,,,0.0,0.0,,,,,,,,,,,,0.7,0.1,,,,,45.49947,,,,,,,,,,,,,,7.56081008911133,5.95742988586426,0.857089996337891,0.816940009593964,80.1393890380859,68.58822,93.2251815795898,78.01059,0.637679994106293,16.5323104858398,14.61838,26.0052890777588,22.16401,,,,,,40.17922,38.26668,,32.24094,,,0.0,56.441781,48.926627,,0.0,0.0,0.0,1.0,1.0,0.0,0.0,1.0,1.0,0.0,0.0,0.0,0.0,,,,,,,,,,,,,,41.25,1.0,,,,,,,,,,,,,,,,,,,,,,
1976,1.0,0.0,1.0,1.0,0.0,1.0,1.0,1.0,1.0,1.0,1.0,0.0,0.0,0.0,,,71.81099,80.62843,119.064,19.3999999999999,23.8,2186719.0,2285052.5,2078937.0,2162182.0,2027670.0,2105035.0,1986010.0,2058099.0,1942761.5,2010233.0,1907899.0,1971716.0,,,,,,,,,,,,,,2919193.0,2103980.0,,26.3,,,0.0,,,,,,,,,,,,,,,,,0.0,,,,,,,,,,,,,,,,,,,,,,,,,,,,,,,,,,,,,,,,4.923,,,,,,,,,,,,,,,,0.0,0.0,0.0,0.0,0.0,0.0,15.9556,14.4387,58.485,54.636,,,,,,,,,,,,,,,,,,0.0,,,,,,243.392,305.162,,,,,0.0,0.0,,,,,,,,,,,,0.7,0.2,,,,,46.21545,36.4986190795898,,,,,,,,,,,,,,,0.88112998008728,0.83704000711441,83.9941482543945,71.81099,94.9309997558594,80.62843,0.643760025501251,17.2015495300293,15.38111,26.7862091064453,23.14531,0.39640998840332,1.47747004032135,3.72715997695923,6.16937,7.56665,40.49705,38.49109,22.2315101623535,32.41712,,,0.0,57.416789,49.596818,,0.0,0.0,0.0,1.0,1.0,0.0,0.0,1.0,1.0,0.0,0.0,0.0,0.0,,,,,,,,,,,,,,41.25,1.0,,,,,,,,,,,,,,,,,,,,,,
1977,1.0,0.0,1.0,1.0,0.0,1.0,1.0,1.0,1.0,1.0,1.0,0.0,0.0,0.0,,,,,118.666,,,2204399.0,2307066.5,2103690.0,2190421.5,2049129.5,2129198.5,2008231.5,2082710.0,1973102.5,2042751.5,1933972.5,1999460.0,,,,,,,,,,,,,,,,,,,,0.0,,,,,,,,,,,,,,,,,0.0,,,,,,,,,,,,,,,,,,,,,,,,,,,,,,,,,,,,,,,,4.809,,,,,,,,,,,,,,,,0.0,0.0,0.0,0.0,0.0,0.0,16.0422,14.4812,59.097,55.162,,,,,,,,,,,,,,,,,,0.0,,,,,,236.746,300.189,,,,,0.0,0.0,,,,,,,,,,,,0.8,0.2,,,,,46.21673,36.1361503601074,,,,,,,,,,,,,8.26399993896484,6.51827001571655,0.880270004272461,0.837080001831055,86.5453262329102,,97.7999114990234,,0.648249983787537,17.7810401916504,15.88172,27.4799194335938,23.31611,,,,,,40.93739,38.66245,,31.60911,,,0.0,58.389937,50.341014,,0.0,0.0,0.0,1.0,1.0,0.0,0.0,1.0,1.0,0.0,0.0,0.0,0.0,,,,,,,,,,,,,,41.25,1.0,,,,,,,,,,,,,,,,,,,,,,
1978,1.0,0.0,1.0,1.0,0.0,1.0,1.0,1.0,1.0,1.0,1.0,0.0,0.0,0.0,,,80.85473,89.92846,119.108,,,2228612.5,2335944.5,2123480.5,2214671.0,2075042.0,2158640.5,2030440.0,2107692.0,1995790.5,2067893.5,1964582.0,2032295.0,,,,,,,,,,,,,,2016116.0,1126115.0,,,,,0.0,,,,,,,,,,,,,,,,,0.0,,,,,,,,,,,,,,,,,,,,,,,,,,,,,,,,,,,,,,,,4.715,,,,,,,,,,,,,,,,0.0,0.0,0.0,0.0,0.0,0.0,16.1124,14.5391,59.507,55.712,,,,,,,,,,,,,,,,,,0.0,,,,,,234.516,293.89,,,,,0.0,0.0,,,,,,,,,,,,0.8,0.2,,,,,46.20685,36.554988861084,,,,,,,,,,,,,,,0.879279971122742,0.839699983596802,94.3998565673828,80.85473,106.691268920898,89.92846,0.660880029201508,19.0481491088867,17.06446,28.8690700531006,24.58701,,,,,,41.28732,39.1241,,32.47188,,,0.0,58.9265,51.192037,,1.0,1.0,0.0,1.0,1.0,0.0,0.0,1.0,1.0,0.0,0.0,0.0,0.0,,,,,,,,,,,,,,47.5,1.0,,,,,,,,,,,,,,,,,,,,,,
1979,1.0,0.0,1.0,1.0,0.0,1.0,1.0,1.0,1.0,1.0,1.0,0.0,0.0,0.0,,,,,116.146,,,2254513.5,2366250.0,2149304.0,2245380.0,2095817.0,2184019.5,2056921.0,2137836.5,2018387.0,2093383.0,1987522.5,2057785.0,,,,,,,,,,,,,,,,,31.2,,,0.0,,,,,,,,,,,,,,,,,0.0,,,,,,,,,,,,,,,,,,,,,,,,,,,,,,,,,,,,,,,,4.613,,,,,,,,,,,,,,,,0.0,0.0,0.0,0.0,0.0,0.0,16.1609,14.6251,60.005,56.379,,,,,,,,,,,,,,,,,,0.0,,,,,,228.542,284.348,,,,,0.0,0.0,,,,,,,,,,,,0.9,0.2,,,,,,,,,,,,,,,,,,,10.4069204330444,8.24450016021729,,,,,,,,,,,,,,,,,,,,,,,0.0,59.754942,52.320649,,1.0,1.0,0.0,1.0,1.0,0.0,0.0,1.0,1.0,0.0,0.0,0.0,0.0,,,,,,,,,,,,,,47.5,1.0,,,,,,,,,,,,,,,,,,,,,,
1980,1.0,0.0,1.0,1.0,0.0,1.0,1.0,1.0,1.0,1.0,1.0,0.0,0.0,0.0,,,,,113.951,20.0,24.1,2273393.5,2389664.5,2176601.5,2277422.0,2122355.5,2215724.0,2078279.0,2163942.5,2045267.0,2123996.5,2010437.5,2083629.5,,,,,,,,,,,,,,,,,,,,0.0,,,,,,,,,,,,,,,,,0.0,,,,,,,,,,6.63914012908936,14.3759803771973,10.4346199035645,,,,19.4928207397461,35.3287696838379,27.261510848999,0.358119994401932,1.26435995101929,0.802699983119965,3.36265993118286,8.24612045288086,5.75834989547729,,,,,,,,,,,,,,,,4.493,,,,,,,,,,,,,,,,0.0,0.0,0.0,0.0,0.0,0.0,16.261,14.7055,60.609,56.977,,,57.6946296691895,77.4749984741211,0.911339998245239,81.6483993530273,89.5912094116211,,,,,,,,,,,0.0,,,,,,221.354,276.635,,,,,0.0,0.0,,,,,,,,,,,,0.9,0.2,,,,,,,,,,,,,,,,,38.8916381431537,39.0043575680097,,,,,,,,,,,,,,,,,,,,,,,,,0.0,60.766024,53.318533,,1.0,1.0,0.0,1.0,1.0,0.0,0.0,1.0,1.0,0.0,0.0,0.0,0.0,,,,,,,11.1550991793476,10.9489051094891,,,,,,47.5,1.0,,,,,,,,,,,,,,,,,,,,,,
1981,1.0,0.0,1.0,1.0,0.0,1.0,1.0,1.0,1.0,1.0,1.0,0.0,0.0,0.0,,,85.4964,94.64643,111.454,,,2285683.0,2407012.0,2197226.0,2302860.5,2150473.0,2248755.0,2105344.5,2196320.0,2066995.0,2150598.5,2037542.5,2114570.0,,,,,,,,,,,,,,1521600.0,575457.0,,,,,0.0,,,,,,,,,,,,,,,,,0.0,,,,,,,,,,,,,,,,,,,,,,,,,,,,,,,,,,,,,,,,4.359,,,,,,,,,,,,,,,,0.0,0.0,0.0,0.0,0.0,0.0,16.2597,14.7736,60.848,57.491,,,,,,,,,,,,,,,,,,0.0,,,,,,221.195,270.976,,,,,0.0,0.0,,,,,,,,,,,,1.0,0.2,,,,,46.15445,,,,,,,,,,,,,,,,0.876919984817505,0.839999973773956,103.975662231445,85.4964,117.622177124023,94.64643,0.687780022621155,22.9600391387939,,33.3656883239746,,,,,,,40.77911,40.12543,,36.33943,,,0.0,61.01626,54.134721,,1.0,1.0,0.0,1.0,1.0,0.0,0.0,1.0,1.0,0.0,0.0,0.0,0.0,,,,,,,,,,,,,,47.5,1.0,,,,,,,,,,,,,,,,,,,,,,
1982,1.0,0.0,1.0,1.0,0.0,1.0,1.0,1.0,1.0,1.0,1.0,0.0,0.0,0.0,,,,,109.173,,,2300060.0,2426741.0,2211469.0,2322470.5,2171978.5,2275259.0,2133960.5,2230017.5,2094386.0,2183442.5,2059504.5,2141528.0,,,,,,,,,,,,,,,,,,,,0.0,,,,,,,,,,,,,,,,,0.0,,,,,,,,,,,,,,,,,,,,,,,,,,,,,,,,,,,,,,,,4.249,,,,,,,,,,,,,,,,0.0,0.0,0.0,0.0,0.0,0.0,16.3578,14.8802,61.42,58.152,,,,,,,,,,,,,,,,,,0.0,,,,,,214.418,261.676,,,,,0.0,0.0,,,,,,,,,,,,1.1,0.3,,,,,46.81442,,,,,,,,,,,,,,,,0.900569975376129,0.858730018138886,110.022857666016,,121.12712097168,,0.697080016136169,24.9853992462158,,35.7619514465332,,0.461870014667511,2.44268989562988,5.28869009017944,8.13541,9.66361,40.80522,40.48901,,38.44001,,,0.0,61.981014,55.299952,,1.0,1.0,0.0,1.0,1.0,0.0,0.0,1.0,1.0,0.0,0.0,0.0,0.0,,,,,,,,,,,,,,47.5,1.0,,,,,,,,,,,,,,,,,,,,,,
1983,1.0,0.0,1.0,1.0,0.0,1.0,1.0,1.0,1.0,1.0,1.0,0.0,0.0,0.0,,,,,103.643,,,2306015.0,2437476.5,2227756.0,2344420.0,2187175.5,2296012.5,2156112.0,2257224.5,2123443.5,2217571.5,2087232.5,2174673.5,,,,,,,,,,,,,,,,,,,,0.0,,,,,,,,,,,,,,,,,0.0,,,,,,,,,,,,,,,,,,,,,,,,,,,,,,,,,,,,,,,,4.095,,,,,,,,,,,,,,,,0.0,0.0,0.0,0.0,0.0,0.0,16.4735,14.899,62.049,58.564,,,,,,,,,,,,,,,,,,0.0,,,,,,206.644,258.524,,,,,0.0,0.0,,,,,,,,,,,,1.2,0.3,,,,,47.98625,32.7824211120605,,,,,,,,,,,,,,,0.944069981575012,0.897849977016449,115.163467407227,,120.875198364258,,0.73785001039505,28.8904399871826,,38.9996681213379,,0.481119990348816,2.64386010169983,5.49525022506714,8.66625,9.82826,42.22321,41.90338,,39.63858,,,0.0,63.067857,55.858475,,1.0,1.0,0.0,1.0,1.0,0.0,0.0,1.0,1.0,0.0,0.0,0.0,0.0,,,,,,,,,,,,,,47.5,1.0,,,,,,,,,,,,,,,,,,,,,,
1984,1.0,0.0,1.0,1.0,0.0,1.0,1.0,1.0,1.0,1.0,1.0,0.0,0.0,0.0,,,,,100.378,,,2296634.5,2431268.0,2235987.0,2357652.0,2204512.5,2319056.5,2171973.0,2278709.5,2145984.5,2245235.0,2116521.0,2209087.5,,,,,,,,,,,,,,,,,,,,0.0,,,,,,,,,,,,,,,,,0.0,,,,,,,,,,,,,,,,,,,,,,,,,,,,,,,,,,,,,,,,3.941,,,,,,,,,,,,,,,,0.0,0.0,0.0,0.0,0.0,0.0,16.5068,15.0022,62.325,59.18,,,,,,,,,,,,,,,,,,0.0,,,,,,206.659,250.426,,,,,0.0,0.0,,,,,,,,,,,,1.2,0.3,,,,,48.08851,,,,,,,,,,,,,,,,0.948339998722076,0.900730013847351,118.43586730957,,123.685707092285,,0.736530005931854,29.1636009216309,,39.3872299194336,,0.461750000715256,3.3597400188446,7.27609014511108,8.91043,10.11706,41.94889,41.88485,,41.43861,,,0.0,63.349699,56.935935,,1.0,1.0,0.0,1.0,1.0,0.0,0.0,1.0,1.0,0.0,0.0,0.0,0.0,,,,,,,,,,,,,,47.5,1.0,,,,,,,,,,,,,,,,,,,,,,
1985,1.0,0.0,1.0,1.0,0.0,1.0,1.0,1.0,1.0,1.0,1.0,0.0,0.0,0.0,,,,,91.314,21.1,24.8,2258227.0,2392748.0,2229374.0,2354389.5,2213878.5,2333394.0,2189930.5,2302453.5,2162223.5,2267219.5,2139272.0,2237083.5,,,,,,,,,,,,,,,,,38.5,,,0.0,,,,,,,,,,,,,,,,,0.0,,,,,,,,,,,,,,,,,,,,,,,,,,,,,,,,,,,,,,,,3.711,,,,,,,,,,,,,,,,0.0,0.0,0.0,0.0,0.0,0.0,16.6025,15.1006,62.868,59.785,,,,,,,,,,,,,,,,,,0.0,,,,,,200.918,242.483,,,,,0.0,0.0,,,,,,,,,,,,1.3,0.3,,,,,48.16486,,,,,,,,,,,,36.8267490674513,37.0846618818402,,,0.95210999250412,,120.317573547363,,125.104263305664,,,,,,,0.486570000648499,3.98436999320984,8.18875026702881,,,42.23755,,,,,,0.0,64.23811,57.99178,,1.0,1.0,0.0,1.0,1.0,0.0,0.0,1.0,1.0,0.0,0.0,0.0,0.0,,,,,,,13.1794063696463,12.9091826810622,,,,,,47.5,1.0,,,,,,,,,,,,,,,,,,,,,,
1986,1.0,0.0,1.0,1.0,0.0,1.0,1.0,1.0,1.0,1.0,1.0,0.0,0.0,0.0,,,,,83.869,,,2204313.5,2335754.5,2194417.5,2320083.0,2208414.5,2331397.5,2199955.5,2317502.5,2180585.0,2291388.5,2155792.5,2259357.0,,,,,,,,,,,,,,,,,,,,0.0,,,,,,,,,,,,,,,,,0.0,,,,,,,,,,,,,,,,,,,,,,,,,,,,,,,,,,,,,,,,3.527,,,,,,,,,,,,,,,,0.0,0.0,0.0,0.0,0.0,0.0,16.6816,15.114,63.338,60.145,,,,,,,,,,,,,,,,,,0.0,,,,,,196.543,240.499,,,,,0.0,0.0,,,,,,,,,,,,1.4,0.4,,,,,47.90072,,,,,,,,,,,,,,,,0.943490028381348,,118.044998168945,,123.859268188477,,,,,,,,,,,,,,,,,,0.0,64.976558,58.442587,,1.0,1.0,0.0,1.0,1.0,0.0,0.0,1.0,1.0,0.0,0.0,0.0,0.0,,,,,,,,,,,,,,47.5,1.0,,,,,,,,,,,,,,,,,,,,,,
1987,1.0,0.0,1.0,1.0,0.0,1.0,1.0,1.0,1.0,1.0,1.0,0.0,0.0,0.0,,,96.5612,99.50108,83.571,21.7,,2183537.0,2313587.0,2144407.5,2268592.5,2174925.0,2298653.5,2195183.5,2316314.0,2190933.5,2306873.0,2174305.0,2283774.5,36.3,,,,,,,,,,,,,,,,47.7,,,0.0,,,,,,,,,,,,,,,,,0.0,,,,,,,,,,,,,,,,,,,,,,,,,,,,,,,,,,,,,,,,3.42,,,,,,,,,,,,,,,,0.0,0.0,0.0,0.0,0.0,0.0,16.6533,15.1443,63.435,60.536,,,,,,,,,,,,,,,,,,0.0,,,,,,200.23,237.941,,,,,0.0,0.0,,,,,,,,,,,,1.5,0.4,,,,,48.09234,,,,,,,,,,,,,,,,0.953149974346161,,116.999031066895,96.5612,121.61979675293,99.50108,,,,,,,,,,,,,,,,,0.0,64.859587,58.963612,10.9,1.0,1.0,0.0,1.0,1.0,0.0,0.0,1.0,1.0,0.0,0.0,0.0,0.0,,,,,,,,,,,,,2.5,47.5,1.0,,,,,,,,,,,,,,,,,,,,11.3,35.1,
1988,1.0,0.0,1.0,1.0,0.0,1.0,1.0,1.0,1.0,1.0,1.0,0.0,0.0,0.0,,,,,79.102,,,2186094.5,2317688.5,2127315.0,2251258.5,2126518.0,2248847.5,2162537.5,2284534.5,2186533.0,2306161.5,2184810.0,2299502.5,,,,,,,,,,,,,,,,,,,,0.0,,,,,,,,,,,,,,,,,0.0,,,,,,,,,,,,,,,,,,,,,,,,,,,,,,,,,,,,,,,,3.331,,,,,,,,,,,,,,,,0.0,0.0,0.0,0.0,0.0,0.0,16.7042,15.0697,63.803,60.655,,,,,,,,,,,,,,,,,,0.0,,,,,,198.305,241.716,,,,,0.0,0.0,,,,,,,,,,,,1.6,0.4,,,,,48.00035,49.305061340332,,,,,,,,,,,,,,,0.952530026435852,0.908429980278015,115.75276184082,,120.54239654541,,0.80580997467041,44.4684791564941,,55.0009307861328,,,,,,,44.13457,43.9857,32.5052909851074,42.98583,,,0.0,65.350398,58.810209,,1.0,1.0,0.0,1.0,1.0,0.0,0.0,1.0,1.0,0.0,0.0,0.0,0.0,,,,,,,,,,,,,,47.5,1.0,,,,,,,,,,,,,,,,,,,,,,
1989,1.0,0.0,1.0,1.0,0.0,1.0,1.0,1.0,1.0,1.0,1.0,0.0,0.0,0.0,,,96.20638,99.49173,76.271,,,2182552.0,2314563.0,2133490.0,2259322.0,2110583.0,2232806.5,2115060.5,2235754.5,2154447.5,2274980.5,2180715.5,2299095.5,,,,,,,,,,,,,,330740.0,4067.0,,,,,0.0,,,,,,,,,,,,,,,,,0.0,,,,,,,,,,,,,,,,,,,,,,,,,,,,,,,,,,,,,,,,3.223,,,,,,,,,,,,,,,,0.0,0.0,0.0,0.0,0.0,0.0,16.7824,15.1242,64.309,61.119,,,,,,,,,,,,,,,,,,0.0,,,,,,193.4,237.41,,,,,0.0,0.0,,,,,,,,,,,,1.8,0.5,25.4,36.4,,,48.2967,49.7013397216797,,,,,,,,,,,,,,,0.96671998500824,0.922969996929169,115.695907592773,96.20638,118.814872741699,99.49173,0.822070002555847,44.8339691162109,,54.4538993835449,,,,,,,44.70038,44.41371,32.5439910888672,42.42041,,,0.0,66.160976,59.514934,,1.0,1.0,0.0,1.0,1.0,0.0,0.0,1.0,1.0,0.0,0.0,0.0,0.0,,,,,,,,,,,,,,47.5,1.0,,,,,,,,,,,,,,,,,,,,,,
1990,1.0,0.0,1.0,1.0,0.0,1.0,1.0,1.0,1.0,1.0,1.0,0.0,0.0,0.0,,,94.69707,97.71309,74.708,21.6,25.2,2164173.5,2294948.0,2133608.5,2260225.0,2117697.0,2241919.5,2099858.0,2220553.5,2107580.0,2226912.5,2149012.5,2268366.0,40.7,,,,,,,,,,,,,548124.0,262041.0,,,,,0.0,,,,,,,,,,,,,,,,,0.0,,,,,,,,,,13.8349800109863,24.5488204956055,19.0963802337646,,,,,,,1.42516005039215,3.25271010398865,2.32263994216919,,,,,,,,,,,,,,,,,50.6273463742343,,3.098,,,,,,,,0.01,0.01,0.01,0.01,,,,,0.0,0.0,0.0,0.0,0.0,0.0,16.8817,15.2065,64.792,61.604,,,75.2701187133789,88.0245208740234,0.976050019264221,95.0692520141602,97.4022674560547,,,,,,,,,,,0.0,,,,,,189.582,233.257,,,,,0.0,0.0,58.52,32.53,,,,,,0.1,0.1,,,1.9,0.5,,,,,48.30095,49.9591789245605,,,,,,104.860220569377,,,,,34.5154590697128,34.9000464639792,,,0.968940019607544,0.930589973926544,113.685302734375,94.69707,116.485137939453,97.71309,0.839049994945526,42.9668884277344,,51.1860313415527,,,,,,,45.05003,44.86594,33.1052207946777,43.65733,,,0.0,66.884191,60.248003,,1.0,1.0,0.0,1.0,1.0,0.0,0.0,1.0,1.0,0.0,0.0,0.0,0.0,,,,,,,15.4652275895271,15.1192668767809,,,,,,47.5,1.0,,,,,,,,,,,,,,,,,,,,,,15.9
1991,1.0,0.0,1.0,1.0,0.0,1.0,1.0,1.0,1.0,1.0,1.0,0.0,0.0,0.0,,,93.84556,96.74333,72.104,21.5,,2165530.5,2297025.0,2119135.5,2244877.5,2118833.5,2243892.0,2107539.5,2230337.5,2092788.0,2212260.0,2102479.0,2220777.0,35.1,,,,,,,,,,,,,667612.0,414811.0,,49.7,33.717092558882,8.14877318971921,0.0,,,,,,,,,,,,,,,,74.5,0.0,,,,,,,,,,,,,,,,,,,,,,,,,0.698363389125381,1.61064431159345,45.9966538340956,47.5050655929841,15.0024925437197,18.0044738575136,39.0008536221846,34.4904688690112,47.988,80.714,38.04,56.385,13.0,,,3.056,,,,,0.8,47.7,50.9,0.01,0.01,0.01,0.01,49.466,82.696,29933144.0,37.7976027598519,0.0,0.0,0.0,0.0,0.0,0.0,16.8826,15.2656,65.015,62.082,,,,,,,,,,,,,,,,,,0.0,,,,,,190.739,228.746,,,30.1630001068115,51.0480003356934,0.0,0.0,56.76,32.43,,,,,76.3,0.1,0.1,,,2.0,0.6,,,,,48.66408,50.5368690490723,,,,,113.360107095047,107.892749244713,,,,,,,,,0.984059989452362,0.938650012016296,112.832397460938,93.84556,113.70645904541,96.74333,0.828760027885437,41.0478515625,,49.5046806335449,,,,,,,45.38672,44.52828,,38.91565,73.2448874011071,62.2155432748059,0.0,67.043909,60.985979,12.2,1.0,1.0,0.0,1.0,1.0,0.0,0.0,1.0,1.0,0.0,0.0,0.0,0.0,,,2.988,2.396,8.468,7.47,,,72.546527455673,60.6048927235813,26.7551125988929,37.7844608849482,2.5,47.5,1.0,,,,,,,,,,,,,,,,,,,,10.0,34.1,15.8
1992,1.0,0.0,1.0,1.0,0.0,1.0,1.0,1.0,1.0,1.0,1.0,0.0,0.0,0.0,,,92.80349,96.05264,68.659,,,2167370.5,2299256.0,2123796.5,2250550.0,2105399.0,2229622.0,2109256.5,2232962.0,2100809.0,2222464.5,2087954.0,2206486.0,40.7,,,,,,,,,,,,,760408.0,493337.0,,,33.4310242612291,8.16446779954444,0.0,,,,,,,,,,,,,,,,,0.0,,,,,,,,,,,,,,,,,,,,,,,,,0.71082078672748,1.62240585157505,45.5816062495249,46.7883161948133,15.1860308015847,18.4161359562367,39.2323596468479,34.79554784895,48.816,80.437,38.487,55.739,,,,2.942,,,,,,,,0.01,0.01,0.01,0.01,50.307,82.571,31209548.0,38.2075677911048,0.0,0.0,0.0,0.0,0.0,0.0,17.0299,15.3585,65.627,62.649,,,,,,,,,,,,,,,,,,0.0,,,,,,184.01,221.945,,,30.4780006408691,51.193000793457,0.0,0.0,58.41,35.31,,,,,,0.1,0.1,,,2.2,0.6,26.0,33.6,,,48.89424,50.4793891906738,,,,,107.103620474407,105.139797739441,,,,,,,,,0.992720007896423,0.945789992809296,112.029441833496,92.80349,111.636817932129,96.05264,0.832490026950836,40.4505996704102,,48.4690895080566,,,,,,,45.44938,44.64785,35.0598487854004,39.25768,73.2657292960448,62.0898812955663,0.0,68.079065,61.957094,,1.0,1.0,0.0,1.0,1.0,0.0,0.0,1.0,1.0,0.0,0.0,0.0,0.0,,,2.964,2.585,8.579,8.01,,,72.5549118113599,60.4674774777541,26.7342707039552,37.9101187044337,,47.5,1.0,,,,,,,,,,,,,,,,,,,,,,15.6
1993,1.0,0.0,1.0,1.0,0.0,1.0,1.0,1.0,1.0,1.0,1.0,0.0,0.0,0.0,,,91.71061,94.74458,65.69,,,2159391.5,2289266.5,2128697.5,2256180.5,2110915.0,2236212.5,2096510.5,2219396.0,2102978.0,2225512.5,2096293.5,2216963.5,,,,,,,,,,,,,,809256.0,613616.0,,53.1,33.4629322225696,8.25483329738074,0.0,,,,,,,,,,,,,,,,,0.0,,,,,,,,,,,,,,,,,,,,,,,,,0.718699784975944,1.62930338712092,44.9817866357869,45.8713862039315,15.3775425672101,18.8144226863761,39.640670797003,35.3141931035509,47.858,79.976,37.052,54.27,,,,2.882,,,,,,,,0.01,0.02,0.01,0.01,49.353,82.135,31383397.0,37.860923602067,0.0,0.0,0.0,0.0,0.0,0.0,17.1793,15.3362,66.301,62.933,,,,,,,,,,,,,,,,,,0.0,,,,,,176.179,221.588,,,30.55299949646,51.5960006713867,0.0,0.0,57.58,34.87,,,,,,0.1,0.1,,,2.3,0.7,,,,,48.49541,51.4283981323242,,,,,107.509025270758,104.29370789083,,,,,,,,,0.975639998912811,0.928030014038086,111.253349304199,91.71061,112.436988830566,94.74458,0.813499987125397,39.6399803161621,,48.4627304077148,,0.668290019035339,7.55409002304077,11.3035697937012,9.2666,10.15409,44.76075,44.10706,34.8988990783691,39.74822,73.2688276499945,61.9109805594611,0.0,69.247853,62.232122,,1.0,1.0,0.0,1.0,1.0,0.0,0.0,1.0,1.0,0.0,0.0,0.0,0.0,,,3.028,2.629,8.934,8.31,,,72.5501245790983,60.2816811600571,26.7311756359258,38.0890154528219,,47.5,1.0,,,,,,,,,,,,,,,,,,,,,,15.5
1994,1.0,0.0,1.0,1.0,0.0,1.0,1.0,1.0,1.0,1.0,1.0,0.0,0.0,0.0,,,92.04318,95.47367,64.338,21.8,,2172383.5,2300370.5,2123913.0,2249677.0,2116718.5,2242751.0,2102585.5,2226587.5,2090631.0,2212410.5,2098690.5,2220293.5,39.8,,,,,,,,,,,,,659413.0,445933.0,,54.7,33.5343707230602,8.29069563245757,0.0,,,,,,,,,,,,,,,,78.1,0.0,,,,,,,,,,,,,,,,,,,,,,,,,0.74062659159841,1.65740309821248,44.3559208252311,44.8922835444548,15.643297635694,19.3190879136011,40.0007815390749,35.7886285419441,47.993,79.977,37.188,54.589,12.8,,,2.838,,,,,2.2,47.0,50.4,0.01,0.03,0.01,0.02,50.599,83.213,32969947.0,38.1201914804461,0.0,0.0,0.0,0.0,0.0,0.0,17.1559,15.3909,66.368,63.364,,,,,,,,,,,,,,,,,,0.0,,,,,410.0,180.41,217.88,,,30.9389991760254,50.7890014648438,0.0,0.0,57.13,35.74,78.9040832519531,95.8727722167969,,,84.5,0.1,0.1,,,2.5,0.7,,,,,48.41517,52.0561294555664,67.66937,68.96028,,,118.162480569418,113.320388349515,,,,,,,,,0.970740020275116,0.934509992599487,112.639289855957,92.04318,114.029693603516,95.47367,0.848370015621185,41.5133399963379,,48.5002593994141,,,,,,,45.943,45.18278,35.7584915161133,39.94909,73.2668931317905,61.8960065139086,0.0,69.056441,62.881759,11.2,1.0,1.0,0.0,1.0,1.0,0.0,0.0,1.0,1.0,0.0,0.0,0.0,0.0,,,5.151,3.889,14.443,12.223,,,72.5262761335522,60.2385975834594,26.7331004726361,38.1039954301703,2.4,47.5,1.0,,,,,,,,,,,,,,,,,,,,9.4,30.8,15.5
1995,1.0,0.0,1.0,1.0,0.0,1.0,1.0,1.0,1.0,1.0,1.0,0.0,0.0,0.0,,,91.711,95.45061,63.742,22.2,25.8,2190940.0,2317668.0,2139519.5,2263672.5,2112854.5,2237190.0,2108882.5,2233701.5,2096988.0,2219992.5,2086538.0,2207506.5,49.7,,,,,,,,,,,,,635411.0,416203.0,,54.2,33.6585492449981,8.22897047049267,0.0,,,,,,,,,,,,,,,,,0.0,,,,,,,,,,,,,,,,,,,,,,,,,0.758742749081931,1.681869559553,43.9216313632016,44.016597219877,15.9664235607779,19.9034800959732,40.1119419416913,36.0799207858407,47.807,79.89,36.445,53.653,,49.4405742030821,,2.798,,,103.84437,109.59628,,,,0.01,0.05,0.01,0.03,50.601,83.266,33769469.0,38.082974418868,0.0,0.0,0.0,0.0,0.0,0.0,17.2444,15.4132,66.794,63.702,,,,,,,,,,,,,,,,,,0.0,,,,,,177.014,216.102,,,31.7110004425049,49.5670013427734,0.0,0.0,,,92.0908508300781,90.3622283935547,87.8636474609375,82.2196502685547,,0.1,0.1,,,2.7,0.8,,,96.9420700073242,93.6216583251953,48.32803,52.2544288635254,,,,,120.575050239604,,7.38841,7.82847,,,31.7491963402572,32.1752390372568,19.1009902954102,18.1031303405762,0.965789973735809,0.93189001083374,112.45263671875,91.711,114.089996337891,95.45061,0.856750011444092,44.442138671875,38.75642,51.2360801696777,44.80908,0.637950003147125,8.85881042480469,13.886269569397,9.59292,10.51551,45.90937,45.45846,37.2269096374512,42.44668,73.2424099945234,61.8524599646144,0.0,69.700998,63.311398,,1.0,1.0,0.0,1.0,1.0,0.0,0.0,1.0,1.0,0.0,0.0,0.0,0.0,,,5.521,4.054,15.6,12.938,18.2307121661721,17.8448524563139,72.4836735140999,60.1705904050614,26.7575868711474,38.1475362387675,,47.5,1.0,,,,,,,,,,,,,,,,,,,,,,15.7
1996,1.0,0.0,1.0,1.0,0.0,1.0,1.0,1.0,1.0,1.0,1.0,0.0,0.0,0.0,,,91.25248,93.74095,61.394,,,2213911.5,2339788.5,2160388.0,2283590.5,2129197.5,2252002.5,2105519.5,2228736.5,2103553.0,2227452.5,2093052.0,2215315.5,,,,,,,,,,,,,,663475.0,644224.0,,54.2,33.5848763470995,7.7648901768391,0.0,,,,,,,,,,,,,,,,,0.0,,,,,,,,,,,,,,,,,,,,,,,,,0.796223445718457,1.78306344560248,43.9457378538714,43.655292304399,15.9774494450155,20.0671347357204,40.0768127011131,36.2775729598806,47.618,79.799,35.689,52.71,,,,2.77,,,104.14505,109.38718,,,,0.02,0.07,0.01,0.05,50.602,83.319,34569096.0,38.0447213582697,0.0,0.0,0.0,0.0,0.0,0.0,17.2343,15.3882,66.867,63.858,,,,,,,,,,,,,,,,,,0.0,,,,,,180.674,218.659,,,32.0970001220703,48.2879981994629,0.0,0.0,55.01,31.74,88.8584594726562,87.5529327392578,84.2911911010742,81.7494277954102,,0.1,0.1,,,2.9,0.9,,,96.3574905395508,93.4554901123047,48.33018,52.2608184814453,,,,,122.752521561175,118.767898302717,7.01439,6.85512,,,,,19.4631004333496,18.3026695251465,0.964869976043701,0.93163001537323,112.133888244629,91.25248,113.628448486328,93.74095,0.862969994544983,47.2841682434082,,53.964038848877,,0.550870001316071,8.21930027008057,14.9205503463745,9.69895,10.71855,46.0964,45.65486,39.4657516479492,42.62412,72.7124291802315,61.6098993976784,0.0,69.547515,63.270029,,1.0,1.0,0.0,1.0,1.0,0.0,0.0,1.0,1.0,0.0,0.0,0.0,0.0,,,5.896,4.224,16.795,13.682,,,71.916205734513,59.8268415161277,27.2875708197685,38.3900987476377,,47.5,1.0,,,,,,,,,,,,,,,,,,,,,,16.1
1997,1.0,0.0,1.0,1.0,0.0,1.0,1.0,1.0,1.0,1.0,1.0,0.0,0.0,0.0,,,91.17466,93.71041,59.55,21.8,25.8,2236911.0,2362567.5,2185406.5,2308024.5,2150693.5,2272606.5,2122247.5,2243999.0,2100464.0,2222826.5,2099764.5,2222971.5,49.1,,,,,,,,,,,,,665091.0,656786.0,,57.4,36.0155230686527,8.10133515785103,0.0,,,,,,,,,,,,,,,,80.9,0.0,,,,,,,,,,,,,,,,,,,,,,,,,0.838854280572293,2.23973293506155,43.8077572561521,43.1235243164932,15.8092370656381,19.9436461091427,40.3830026310771,36.9328313878557,46.95,79.684,34.143,51.719,12.2,,,2.738,,,109.7952,112.68767,2.2,40.8,56.9,0.03,0.1,0.02,0.07,49.76,83.087,34781582.0,37.6919174193997,0.0,90.0,0.0,0.0,0.0,0.0,17.3481,15.3972,67.343,64.144,,,,,,,,,,,,,,,,,,0.0,,,,,,175.747,217.115,,,31.7660007476807,47.7589988708496,0.0,0.0,52.58,30.1,,,,,91.0,0.1,0.1,,,3.1,1.0,,,94.7054061889648,96.0781631469727,48.33018,,,,11.4,,125.850490738691,121.062232512454,6.00173,5.70389,,,,,,,0.964359998703003,,112.077079772949,91.17466,113.48169708252,93.71041,,,,,,,,,,,,,,,71.1732813516885,60.6053192176945,0.0,70.337093,63.635463,12.2,1.0,1.0,0.0,1.0,1.0,0.0,0.0,1.0,1.0,0.0,0.0,0.0,0.0,,,5.647,4.095,17.054,13.551,,,70.3344270711162,58.3655862826329,28.8267186483115,39.3946807823055,2.4,47.5,1.0,,,,,,,,,,,,,,,,,,,,5.8,29.6,16.9
1998,1.0,0.0,1.0,1.0,0.0,1.0,1.0,1.0,1.0,1.0,1.0,0.0,0.0,0.0,,,,,57.393,,,2235588.5,2360964.0,2210250.0,2332908.5,2176243.0,2297605.5,2144070.5,2264982.0,2117396.5,2238351.5,2096833.5,2218561.5,56.0,,,,,,,,,,,,,,,,55.4,36.8734511668035,8.90246655880767,0.0,,,,,,,,,,,,,,,,,1.0,,,,,,,,,,,,,,,,,,,,,,,,,0.791435178437093,2.32203991031347,45.6482705442049,44.3966071104669,15.3156998107356,19.2902644321643,39.0360296450595,36.3131266657307,47.896,78.795,32.969,50.405,,,,2.655,,,,,,,,0.04,0.14,0.02,0.1,51.022,82.982,36469147.0,38.2877596849038,0.0,90.0,0.0,0.0,0.0,0.0,17.3596,15.4374,67.458,64.475,,,,,,,,,,,,,,,,,,0.0,,,,,,178.044,214.953,,,28.386999130249,48.1959991455078,0.0,0.0,56.2,33.82,,,,,,0.1,0.1,,,3.3,1.1,22.8,28.6,,,47.78907,,,,11.4,,125.672034176799,121.85848035157,,,,,,,,,0.943729996681213,,111.829986572266,,115.647010803223,,,,,,,,,,,,,,,,72.4116116067462,63.9134953449482,0.0,70.310626,64.088061,,1.0,1.0,0.0,1.0,1.0,0.0,0.0,1.0,1.0,0.0,0.0,0.0,0.0,,,6.127,5.046,19.121,15.215,,,71.6201735072912,61.5914536429967,27.5883913142717,36.0865064466898,,50.0,1.0,,,,,,,,,,,,,,,,,,,,,,18.1
1999,1.0,0.0,1.0,1.0,0.0,1.0,1.0,1.0,1.0,1.0,1.0,0.0,0.0,0.0,,,,,55.509,,,2211058.5,2335941.0,2210845.5,2333555.0,2201554.5,2323039.0,2169891.5,2290307.5,2139381.0,2259532.5,2113865.0,2234210.5,,,,,,,,,,,,,,,,,55.4,34.3300757269529,8.50497424075266,0.0,,,,,,,,,,,,,,,,,1.0,,,,,,,,,,,,,,,,,,,,,,,,,1.95025888778122,3.43931568481359,46.2550903905099,44.508254360789,15.1792052274407,19.1193776318034,38.5657043820494,36.3723574480319,47.581,78.434,33.165,49.8,,,,2.578,,,105.44115,113.77658,,,,0.06,0.18,0.04,0.12,51.1,83.472,37320911.0,38.163613191976,0.0,90.0,0.0,0.0,0.0,0.0,17.5038,15.3645,67.982,64.492,,,,,,,,,,,,,,,,,,0.0,,,,,,172.059,219.709,,,30.8320007324219,48.4360008239746,0.0,0.0,53.77,32.87,,,,,,0.1,0.1,,,3.5,1.2,21.1,24.4,,,48.49304,51.3486213684082,,,,,112.231036731145,111.1327610722,6.2178,6.20322,,,,,22.8274993896484,22.7341499328613,0.971140027046204,0.964850008487701,113.645492553711,,114.198486328125,,0.953689992427826,54.3752098083496,,55.8727111816406,,0.845939993858337,13.5452299118042,16.0121402740479,10.43892,10.92005,48.97775,48.11288,39.4946899414062,42.19963,71.9821842226177,63.8187605488173,0.0,71.212045,63.762618,,1.0,1.0,0.0,1.0,1.0,0.0,0.0,1.0,1.0,0.0,0.0,0.0,0.0,,,6.886,6.035,20.655,18.404,,,70.0319253348364,60.3794519035881,28.0178215326503,36.1812359313905,,50.0,1.0,,,,,,,,,,,,,,,,,,,,,,19.4
2000,1.0,0.0,1.0,1.0,0.0,1.0,1.0,1.0,1.0,1.0,1.0,0.0,0.0,0.0,0.0,0.0,,,54.557,22.5,25.9,2198421.0,2322877.0,2188313.0,2310747.0,2202653.5,2324236.5,2195439.0,2316017.0,2165324.5,2285019.5,2135912.0,2255490.0,66.9,,,,,,,9.101751,8.777495,,,,,,,,54.8,39.1077469555808,8.52089343820416,0.0,,,,,,,,,,,,,,,,,1.0,,,,,,,,,,,,,,,,,,,,,,,,,1.2284134463046,2.89509202216533,46.7346688471315,44.3867404360569,14.9646701884401,18.9497487021628,38.3006609644285,36.6635125668527,48.139,79.254,34.267,49.143,,47.5500073552806,,2.536,,,104.62805,111.52299,,,,0.09,0.26,0.05,0.18,51.605,84.032,38466348.0,38.2175585728513,0.0,90.0,0.0,0.0,0.0,0.0,17.4732,15.4462,67.975,64.9,0.8083056595508,120.0,,,,,,,,,,,,,,,,0.0,,,,299.0,,176.373,214.959,,,29.988000869751,48.8479995727539,0.0,0.0,50.91,29.07,,,,,88.3,0.1,0.1,6.9,63.8,3.8,1.3,23.7,25.7,,,48.50018,51.9952087402344,,,8.0,,106.244991719643,102.061960385983,6.2118,6.20894,,,28.7667692484409,29.2310195798774,24.5314903259277,23.6941299438477,0.971920013427734,0.970269978046417,110.546859741211,,111.009460449219,,0.968190014362335,55.8561706542969,,56.5030288696289,,0.897279977798462,14.1037797927856,15.7184200286865,10.38059,10.76192,,48.46339,39.4972915649414,42.6763,71.8373558190858,64.3066417364608,0.0,70.932466,64.470449,,1.0,1.0,0.0,1.0,1.0,0.0,0.0,1.0,1.0,0.0,0.0,0.0,0.0,,,6.717,5.686,19.888,18.719,21.2253337098388,20.7768774618429,70.6089423727813,61.4115445990781,28.1626441809142,35.6933633787566,,50.0,1.0,,,,,,,,,,,,,,,,,,,,,,20.3
2001,1.0,0.0,1.0,1.0,0.0,1.0,1.0,1.0,1.0,1.0,1.0,0.0,0.0,0.0,0.0,0.0,95.43455,96.84744,54.091,,,2200177.0,2324537.0,2177398.0,2299484.5,2180647.5,2301973.0,2196806.0,2317513.0,2190979.0,2310869.0,2161901.5,2281059.5,,,,,,,,,,,,,,245730.0,381252.0,,52.5,38.7219736673474,8.10424086840599,0.0,,,,,,,,,,,,,,,,,1.0,,,,,,,,,,,,,,,,,,,,,,,,,1.07305448488221,4.23391933723079,44.5238171489963,43.3324198772786,16.1180962905744,20.2636253058149,39.3580865604293,36.4039531603942,46.235,79.971,31.974,49.661,,,,2.497,,,107.9781,113.91842,,,,0.13,0.44,0.07,0.3,49.919,84.453,37926862.0,37.3010422712524,0.0,90.0,0.0,0.0,0.0,0.0,17.621,15.4306,68.509,65.032,0.770111861628888,130.0,,,,,,,,,,,,,,,,0.0,,,,284.0,,169.887,216.339,43.71619,44.90994,29.9209995269775,48.4819984436035,0.0,0.0,49.18,28.61,92.1794662475586,86.5654602050781,88.7196731567383,83.3007736206055,,0.1,0.1,,,4.0,1.5,22.3,24.4,96.9952163696289,93.8589096069336,48.62186,52.2375411987305,79.19007,77.55149,8.0,,118.427711859641,112.186607426214,6.15778,6.17471,,,,,24.8820304870605,24.0311298370361,0.977020025253296,0.978320002555847,111.41316986084,91.27721,111.319297790527,92.58825,0.981660008430481,56.9421806335449,49.27326,56.7857704162598,49.89734,0.778620004653931,12.4330902099609,15.9681100845337,10.43492,10.8336,49.61616,48.7841,40.1410102844238,43.23652,69.6303023239674,60.7925605903717,0.0,71.879332,64.485773,,1.0,1.0,0.0,1.0,1.0,0.0,0.0,1.0,1.0,0.0,0.0,0.0,0.0,,,7.38,5.307,21.06,17.783,,,68.5572449923489,56.5586395966287,30.369700522769,39.2074394096283,,50.0,1.0,,,,,,,,,,,,,,,,,,,,,,20.1
2002,1.0,0.0,1.0,1.0,0.0,1.0,1.0,1.0,1.0,1.0,1.0,0.0,0.0,0.0,0.0,0.0,95.02285,95.87668,52.425,,,2198028.0,2322637.5,2180551.0,2302632.0,2170152.0,2291162.0,2175103.5,2295586.0,2192502.5,2312545.0,2187619.0,2306990.0,68.4,,,,,,,,,,,,,250211.0,439161.0,,54.2,36.266853291912,7.03361622993503,0.0,,,,,,,,,,,,,,,,,1.0,,,,,,,,,,,,,,,,,,,,,,,,,1.07703189638675,4.14340800549889,45.401369364491,43.7407936108824,15.7747782597722,20.4401206884576,38.8238523757368,35.8190873431,44.218,79.132,30.771,47.473,,,,2.456,,,111.70473,117.54551,,,,0.2,0.71,0.11,0.48,47.982,84.081,37128728.0,36.4645621012424,0.0,90.0,0.0,0.0,0.0,0.0,17.6755,15.5876,68.696,65.574,0.776532360613623,130.0,,,,,,,,,,,,,,,,0.0,,,,286.0,,170.367,208.586,45.22498,46.3398,32.1769981384277,49.5139999389648,0.0,0.0,48.99,29.84,89.8779907226562,88.291389465332,87.0508499145508,85.7089996337891,,0.1,0.1,,,4.3,1.6,20.7,25.2,98.8515014648438,95.9064865112305,48.62113,52.0387115478516,83.0655,80.48075,8.0,,117.710669257986,114.355758804394,5.1141,5.50376,,,,,24.7267093658447,24.0929393768311,0.978359997272491,0.980740010738373,112.110771179199,90.86566,112.044563293457,91.77368,0.987600028514862,58.7564010620117,50.48961,58.0610885620117,51.10473,0.883889973163605,13.8720703125,15.6944103240967,10.61418,10.90142,49.90974,48.98272,39.7167015075684,42.98695,69.4941197967136,60.6902764678178,0.0,72.031476,65.546078,,1.0,1.0,0.0,1.0,1.0,0.0,0.0,1.0,1.0,0.0,0.0,0.0,0.0,,,7.844,5.886,23.621,20.067,,,68.4170879003269,56.5468684623189,30.5058831258817,39.3097268170622,,50.0,1.0,,,,,,,,,,,,,,,,,,,,,,19.7
2003,1.0,0.0,1.0,1.0,0.0,1.0,1.0,1.0,1.0,1.0,1.0,1.0,1.0,0.0,0.0,0.0,94.16388,95.71202,51.032,22.1,25.9,2195230.0,2319731.5,2179715.0,2302137.5,2173645.5,2294690.0,2164867.5,2285066.5,2170995.5,2290838.0,2189247.0,2308782.5,66.2,,,,,,,,,,,,,327605.0,399841.0,1.2,60.3,41.5723947251334,8.47658810563357,0.0,74.2,12.7,54.0,0.8,0.3,32.1,10.8,12.5,2.2,0.3,17.8,13.9,1.0,0.8,66.4,82.0,1.0,,,,,,,,,,,,,,,,,,,,,,,,,1.03415488674298,3.90976961049314,47.5409528232957,45.7302915446873,15.1633809688377,19.1304212804112,37.2956662078665,35.1392952621552,43.806,78.873,29.887,47.08,11.8,,,2.428,,,113.08823,112.64874,1.0,23.0,74.9,0.28,0.76,0.16,0.51,47.778,83.651,37637531.0,36.4675749774904,0.0,90.0,0.0,0.0,2.0,0.0,17.8253,15.547,69.242,65.611,0.729889231539746,140.0,,,,,,,,,,10.0,,0.3,0.4,,44.4,0.0,,,,269.0,339.0,163.172,211.662,37.95305,38.46305,28.3390007019043,50.0480003356934,1.0,0.0,49.18,29.18,,,,,91.5,0.1,0.2,,,4.5,1.7,20.6,25.5,100.714912414551,98.4328765869141,48.67859,54.0809288024902,83.72159,83.73062,8.0,,118.708840550788,113.310417263439,3.76843,3.77519,,,,,26.4907093048096,24.9911499023438,0.982299983501434,0.982840001583099,112.260879516602,89.80657,111.970611572266,91.44727,0.986739993095398,62.0009613037109,53.1074,61.241870880127,53.81393,0.816810011863708,14.269419670105,17.4696998596191,10.80105,11.14233,49.84946,48.97066,40.9373016357422,43.20637,70.924543017279,62.4332403315392,0.0,73.038844,65.354169,10.4,1.0,1.0,0.0,1.0,1.0,0.0,0.0,1.0,1.0,0.0,0.0,0.0,0.0,,,8.312,5.712,23.794,20.044,,,69.89039392615,58.5234707210461,29.0754511871069,37.5667612859114,2.2,58.75,1.0,86.7,95.7,95.6,80.3,3.5,86.1,68.7,24.8,5.3,3.0,18.2,19.6,6.9,61.6,6.9,90.6,69.1,83.3,84.7,4.7,24.2,20.9
2004,1.0,0.0,1.0,1.0,0.0,1.0,1.0,1.0,1.0,1.0,1.0,1.0,1.0,0.0,0.0,0.0,93.37879,94.99409,48.246,,,2200012.0,2324459.5,2176516.0,2299050.5,2171628.0,2293204.5,2167362.5,2287804.0,2159827.5,2279564.0,2166831.0,2286313.0,71.5,,,,,,,,,,,,,436807.0,474011.0,,56.7,38.5430803058038,7.50883942638105,0.0,,,,,,,,,,,,,,,,,1.0,,,,,,,,,,,,,,,,,,,,,,,,,1.09520813517256,4.29144831380749,44.624599369982,42.6249401050344,14.2069669320843,20.0726958287718,41.1684336979336,37.3023624795722,42.836,78.992,29.328,47.212,,,,2.418,,,107.08983,111.57071,,,,0.35,0.73,0.2,0.49,47.167,84.251,37792213.0,35.9874537123127,0.0,90.0,0.0,0.0,2.0,0.0,17.5538,15.4174,67.113,64.374,0.763495914874532,130.0,86.7995910644531,94.0350799560547,0.996710002422333,98.5421600341797,98.8670806884766,,,,,,,,,,,0.0,,,,284.0,,194.81,227.47,35.93995,38.1661,30.4150009155273,49.0830001831055,1.0,0.0,47.33,27.94,84.7268218994141,89.3928909301758,80.6327209472656,85.2899169921875,,0.1,0.2,,,4.8,1.9,18.7,20.7,100.510559082031,96.9008636474609,48.72238,52.2968482971191,78.38926,78.78642,11.2727272727273,,126.19812770714,122.574593532249,2.89004,2.88632,,,,,28.1895198822021,25.8913497924805,0.985790014266968,0.986850023269653,111.824287414551,88.88332,111.399742126465,90.56007,0.991750001907349,64.5157470703125,54.67966,63.4321098327637,55.10898,0.815810024738312,14.6324501037598,17.9362106323242,10.91155,11.22403,49.96591,49.07068,39.855281829834,43.30638,70.0236274949757,60.8806588072092,0.0,68.925408,63.192481,,1.0,1.0,0.0,1.0,1.0,0.0,1.0,1.0,1.0,0.0,0.0,0.0,0.0,,,9.182,6.242,27.096,21.471,,,68.9284193598031,56.5892152532668,29.9763754186178,39.1193396061691,,61.875,1.0,,,,,,,,,,,,,,,,,,,,,,22.8
2005,1.0,0.0,1.0,1.0,0.0,1.0,1.0,1.0,1.0,1.0,1.0,1.0,1.0,0.0,0.0,0.0,91.87563,94.57581,47.849,23.4,27.0,2223503.5,2348486.0,2182452.0,2304993.5,2168854.0,2290510.5,2165586.0,2286586.5,2162441.5,2282481.0,2155730.5,2275184.5,,,,,,,,,,,,,,612808.0,478423.0,,57.9,37.3227710475725,7.6517573347649,0.0,,,,,,,,,,,,,,,,,1.0,,,,,,,,,,,,,,,,,,,,,,,,,1.2001222015962,4.01742922392654,44.3796594143632,43.7878258958689,15.9108963083292,20.2955721429256,39.7094472439419,35.9166019612056,41.393,77.24,26.413,43.278,,42.8483119681733,,2.433,,,109.98928,114.23815,,,,0.4,0.76,0.23,0.51,46.014,82.848,37471158.0,35.7851328761102,0.0,90.0,0.0,0.0,2.0,0.0,17.8356,15.5838,69.294,66.009,0.74912718080438,130.0,,,,,,,,,,,,,,,,0.0,,,,276.0,,169.141,209.773,,,27.7590007781982,47.609001159668,1.0,0.0,47.41,28.62,,,,,88.6,0.1,0.2,5.9,65.6,5.1,2.1,21.9,26.9,100.761337280273,97.319938659668,48.26,61.0220489501953,88.95904,88.29418,11.2727272727273,10.8,130.133039572918,125.354125509647,3.19399,4.91302,,,26.6521442794713,27.4112285672284,32.0612907409668,31.035400390625,0.969319999217987,0.975489974021912,110.090660095215,87.51888,111.78150177002,90.28935,0.989719986915588,63.0397682189941,53.12387,62.204231262207,53.66057,,,,,,49.98712,48.96249,43.4641494750977,42.4147,66.3867202298406,59.3401535837261,0.0,72.699181,65.846088,,1.0,1.0,0.0,1.0,1.0,0.0,1.0,1.0,1.0,0.0,0.0,1.0,0.0,,,10.043,6.768,30.714,23.602,23.1458341685933,22.7907929847069,65.186606928147,55.3227243597995,33.6132768035252,40.6598432259314,,64.375,1.0,,,,,,,,,,,,,,,,,,,,,,24.7
2006,1.0,0.0,1.0,1.0,0.0,1.0,1.0,1.0,1.0,1.0,1.0,1.0,1.0,0.0,2.0,2.0,93.20646,95.93748,47.363,,,2261081.0,2387157.5,2208441.0,2331496.5,2176619.0,2298153.0,2164261.0,2285159.5,2161922.0,2282352.0,2159483.5,2279092.0,,,,,,,,,,,,,,409475.0,236256.0,,57.9,34.0454710053927,7.6714514331096,0.0,,,,,,,,,,,,,,,,,1.0,,,,,,,,,,36.5008010864258,46.9608688354492,43.2765502929688,,,,74.0626220703125,83.5319290161133,80.1965789794922,7.90011978149414,6.43275022506714,6.94960021972656,22.7525405883789,28.3961391448975,26.4083099365234,1.14900276213652,3.98212618985645,41.1382443881323,42.5660909940911,15.3528008787543,20.3469587135063,43.5089547331134,37.0869502924026,41.681,77.092,28.586,44.242,,,51.0,2.453,,,110.53224,114.59352,,,,0.45,0.78,0.25,0.52,45.945,82.525,38028981.0,35.8267740458619,0.0,90.0,0.0,0.0,2.0,0.0,18.015,15.5648,69.812,66.048,0.690544942449304,150.0,88.786979675293,95.1585388183594,0.992219984531403,96.2723617553711,97.027473449707,,,,,,,,,,,0.0,,,,254.0,,161.814,211.833,37.86982,38.91494,30.5559997558594,47.1380004882813,1.0,0.0,46.46,29.6,,,,,90.38,0.1,0.3,,,5.4,2.2,,,98.7523880004883,96.419677734375,48.23694,59.0002593994141,98.2755,99.58965,11.2727272727273,,120.490835119647,120.305551886585,2.86538,4.45581,,,,,35.2723617553711,34.0829811096191,0.969669997692108,0.982860028743744,108.652816772461,90.35039,110.483093261719,93.17688,1.00792002677917,66.6829223632812,57.81846,64.7873992919922,57.34547,0.940869987010956,16.4300098419189,17.462610244751,10.87007,11.12093,50.47041,49.33718,44.0002517700195,41.94152,65.7737421406298,58.8106867395248,0.0,73.684671,65.728565,,1.0,1.0,0.0,1.0,1.0,0.0,1.0,1.0,1.0,0.0,0.0,1.0,0.0,,,9.281,6.584,27.543,22.859,,,64.624736479921,54.8285558351328,34.2262607579425,41.1893164034989,,64.375,1.0,,,,,,,,,,,,,,,,,,,,,,26.3
2007,1.0,0.0,1.0,1.0,0.0,1.0,1.0,1.0,1.0,1.0,1.0,1.0,1.0,0.0,3.0,2.0,95.18329,98.65955,47.631,22.3,26.9,2305667.0,2433225.5,2246760.5,2370968.5,2202859.0,2324924.5,2172239.5,2293029.5,2160766.5,2281102.0,2159090.0,2279090.5,73.0,,,,,,,,,,,,,,,,61.4,33.537517676809,7.80296009504741,0.0,71.1,14.4,50.9,0.9,0.6,33.2,10.3,15.7,2.3,0.5,17.9,16.6,1.7,1.2,62.5,82.4,1.0,,,,,,,,,,34.9422988891602,46.0391998291016,40.3787612915039,6.25872993469238,7.99044990539551,7.10711002349854,66.1956100463867,77.4283599853516,71.6986236572266,3.50447010993958,5.53344011306763,4.49847984313965,21.6880493164062,30.5056800842285,26.007869720459,1.38464338828885,3.76256578213063,41.4100472731889,41.1742400836633,15.0251731665932,21.0294967394529,43.5647875134901,37.7962724664786,44.85,76.969,30.022,47.492,12.9,,,2.491,,,113.21913,117.87028,1.2,20.4,77.4,0.48,0.75,0.26,0.49,49.781,82.716,41867176.0,37.6240462970719,0.0,90.0,0.0,0.0,2.0,0.0,18.0422,15.6707,69.929,66.459,0.682823472163198,150.0,,,,,,83.6,0.1,3.9,10.9,10.7,,0.4,0.3,0.0,53.6,0.0,,,,251.0,206.0,163.216,206.339,,,32.3530006408691,46.6240005493164,1.0,0.0,45.83,29.96,89.3197937011719,83.1278228759766,82.8245620727539,77.3673934936523,93.3,0.1,0.3,,,5.7,2.4,18.6,20.7,100.195686340332,100.343017578125,48.0562,57.5802803039551,94.95003,88.3302,11.6363636363636,,121.034499032517,121.036760482481,2.65043,3.95185,,,,,41.8648796081543,39.9447288513184,0.963599979877472,0.978890001773834,110.832832336426,91.99975,113.551483154297,95.55935,1.00611996650696,74.2414703369141,65.05054,72.0823593139648,64.63926,1.0220400094986,17.9993095397949,17.6026401519775,11.55853,11.7867,50.51358,49.35088,48.8927917480469,41.45254,67.292780025284,58.2034507466271,0.0,73.701549,66.504991,8.5,1.0,1.0,0.0,1.0,1.0,0.0,1.0,1.0,1.0,0.0,0.0,1.0,0.0,,,9.905,6.947,25.646,21.189,,,65.9081392880856,54.4408834162308,32.7072146725349,41.7965461568416,2.2,64.375,1.0,86.8,94.4,94.2,79.1,4.5,84.1,68.4,30.8,6.8,3.1,23.7,24.7,6.7,57.2,5.5,92.3,66.6,83.0,83.0,4.3,22.0,27.9
2008,1.0,0.0,1.0,1.0,0.0,1.0,1.0,1.0,1.0,1.0,1.0,1.0,1.0,0.0,3.0,3.0,95.19553,96.95193,47.016,,,2333851.0,2461871.0,2292079.5,2417792.5,2241464.5,2364659.0,2198655.0,2320002.5,2168864.5,2289144.0,2158010.5,2277981.0,74.86,,,,,,,,,,,,,214086.0,117332.0,,61.4,32.7345040144615,7.94809914652136,0.0,,,,,,,,,,,,,,,,,1.0,,,,,,,,,,36.2062797546387,46.8176002502441,41.3983383178711,6.05123996734619,7.27369022369385,6.64938020706177,67.371696472168,76.5834197998047,71.8789367675781,3.56750988960266,5.10541009902954,4.31999015808105,22.3894805908203,30.1783199310303,26.2005100250244,1.36686048397136,3.87099060480756,41.3612395252982,40.9365806029412,14.5789449420124,20.7671697692473,44.0598054059977,38.2962496278115,46.249,76.945,30.547,48.276,,,,2.479,,,113.55797,112.24142,,,,0.5,0.7,0.27,0.45,50.328,82.438,42983004.0,37.9456207691725,0.0,90.0,0.0,0.0,2.0,0.0,18.0487,15.6522,69.939,66.519,0.695369677212562,140.0,89.1013870239258,95.383186340332,0.998440027236938,99.3824081420898,99.537483215332,,,,,,,,,,,0.0,,,,256.0,,166.068,208.296,,,32.1520004272461,46.5040016174316,1.0,0.0,44.82,31.61,,,,,92.65,0.2,0.3,,,6.0,2.6,,,99.4838409423828,98.9233016967773,48.44783,60.0556297302246,92.84102,91.30564,11.6363636363636,10.8,116.419360060433,116.281981491562,2.19344,3.58357,,,,,44.152961730957,42.8119201660156,0.981230020523071,0.984170019626617,110.314682006836,92.23255,111.279342651367,93.99772,0.992089986801147,72.0031890869141,63.80221,70.8812866210938,64.24349,0.94980001449585,20.2603206634521,21.3310508728027,11.55059,11.7976,50.36809,49.00961,47.246509552002,41.28418,67.2382577136475,57.935487224189,0.0,73.521145,66.41159,,1.0,1.0,0.0,1.0,1.0,0.0,1.0,1.0,1.0,0.0,0.0,1.0,0.0,,,8.104,6.663,21.576,18.533,,,65.8713972296761,54.0644966193815,32.7617372230062,42.0645143000025,,64.375,1.0,,,,,,,,,,,,,,,,,,,,,,29.4
2009,1.0,0.0,1.0,1.0,0.0,1.0,1.0,1.0,1.0,1.0,1.0,1.0,1.0,0.0,5.0,4.0,95.77599,97.8499,45.899,,,2333935.0,2461095.0,2320986.0,2447250.5,2286992.0,2411726.0,2237408.5,2359898.5,2195395.5,2316235.0,2166207.5,2286120.5,,48.72,65.5,10.74,3.28,32.37,22.64,6.2,7.0,,,,,,,,60.6,33.0205295704254,8.22621147935796,0.0,,,,,,,,,,,,,,,,,1.0,,,,,,,,,,37.4224014282227,47.5304908752441,42.2905387878418,,,,67.9933319091797,78.0875701904297,72.8547897338867,6.90687990188599,8.14274024963379,7.50207996368408,23.8369998931885,32.158519744873,27.8447093963623,1.29531980327867,3.82249768103058,39.9460637247159,40.7624018670375,14.4146031483787,20.6560913540204,45.6393306668925,38.5815052827363,46.879,77.167,30.425,46.811,,,,2.459,42.8,31.2,110.71836,112.09505,,,,0.51,0.7,0.27,0.44,50.249,81.87,43572124.0,38.0606768900738,0.0,90.0,0.0,0.0,2.0,0.0,18.2056,15.6638,70.417,66.599,0.656058785653483,150.0,89.677116394043,95.6470108032227,0.998459994792938,99.3965911865234,99.5500335693359,,,,,,,,,,,0.0,,,100.0,241.0,,159.579,209.654,,,32.5040016174316,45.8959999084473,1.0,0.0,44.22,31.61,,,,,94.51,0.2,0.3,,,6.3,2.8,,,101.538642883301,98.9288177490234,48.26759,61.5517311096191,,,17.8571428571429,,116.508517840297,115.978162989644,2.71614,4.33093,,,,,46.8088111877441,44.2560005187988,0.97775000333786,0.9826700091362,111.263687133789,92.68116,113.046760559082,94.79157,0.993420004844666,76.4228210449219,64.28802,75.2602996826172,65.22731,0.99084997177124,22.940580368042,23.1524906158447,12.01742,12.25607,50.50236,49.00622,47.5566711425781,41.06811,66.7694615865662,57.9322399500004,0.0,74.409465,66.384573,,1.0,1.0,0.0,1.0,1.0,0.0,1.0,1.0,1.0,0.0,0.0,1.0,0.0,,,6.705,5.744,20.996,18.021,,,65.4741393232745,54.109740772764,33.2305384134339,42.0677600499996,,64.375,1.0,,,,,,,,,,,,,,,,,,,,,,30.7
2010,1.0,0.0,1.0,1.0,0.0,1.0,1.0,1.0,1.0,1.0,1.0,1.0,1.0,0.0,5.0,5.0,97.57204,96.95146,45.847,22.3,25.7,2334323.5,2461442.5,2321958.0,2447442.0,2316183.5,2441491.5,2283125.5,2407165.5,2234296.5,2356287.5,2192860.5,2313343.5,82.2,48.11,71.16,13.97,7.01,37.32,18.74,3.2,4.2,58.6,53.6,41.4,46.4,,,,61.0,33.5287250150045,8.23101043454659,0.0,,,,,,,,,,,,,,,,,1.0,,,,,,,,,,,,,,,,,,,,,,,,,1.34550291408706,3.86914579433948,38.4062529087373,39.5693421150771,14.9437902686597,20.9227211596284,46.649956822603,39.5079279847285,47.668,78.033,30.621,46.487,,42.7456321869188,,2.452,,,115.15658,111.80126,,,,0.51,0.69,0.27,0.43,50.921,82.251,44827720.0,38.2542879302727,0.0,90.0,0.0,0.0,2.0,0.0,18.2205,15.758,70.434,66.93,0.520272016011091,190.0,,,,,,,,,,,,,,,,0.0,,,,219.0,,162.016,205.065,,,30.6979999542236,44.8559989929199,1.0,0.0,45.07,31.0,,,,,92.7,0.2,0.3,5.1,67.4,6.6,3.1,15.7,19.5,98.2856140136719,106.565528869629,49.52885,62.4661102294922,,,18.0357142857143,14.3,113.192346424975,112.408148634924,2.71795,3.88661,,,24.5745317356114,25.501919593146,42.3936500549316,40.5448608398438,1.03270995616913,1.02081000804901,116.00227355957,94.47534,112.042633056641,93.99594,1.00634002685547,77.9832763671875,66.52676,76.0621566772461,66.76686,0.921980023384094,22.8171005249023,24.7478694915771,12.37477,12.29712,50.80133,49.25902,47.9712982177734,41.51885,65.5355105315531,56.9472440964611,0.0,74.260522,67.028432,,1.0,1.0,0.0,1.0,1.0,0.0,1.0,1.0,1.0,0.0,0.0,1.0,0.0,,,6.388,5.128,19.108,16.881,25.1142614967841,24.8092871744586,64.190007617466,53.0780983021217,34.464491851437,43.0527573603,,64.375,1.0,,,,,,,,,,,,,,,,,,,,,,31.8
2011,1.0,0.0,1.0,1.0,0.0,1.0,1.0,1.0,1.0,1.0,1.0,1.0,1.0,0.0,6.0,5.0,98.75686,95.00778,45.537,,,2363356.0,2493209.0,2323258.5,2448754.5,2317561.0,2442085.5,2312562.0,2437194.0,2280161.0,2403737.0,2231865.5,2353546.5,,,,,,,,,,,,,,,,,61.3,32.8804390180513,7.37114140834704,0.0,,,,,,,,,,,,,,,,,1.0,,,,,,,,,,39.8538284301758,49.2093315124512,44.4820404052734,,,,69.7320404052734,79.2441177368164,74.4377136230469,7.52993011474609,8.23906993865967,7.88074016571045,25.1608104705811,32.7896881103516,28.9348602294922,1.63499543131533,4.37773897335071,36.795995878855,37.4350909262981,15.0611388161832,22.9988006957481,48.1428699576272,39.566106958222,48.1,78.831,29.932,45.9,,,,2.499,,,117.43168,112.16668,,,,0.51,0.66,0.27,0.41,50.935,82.889,45519461.0,38.0660086119845,0.0,90.0,0.0,0.0,2.0,0.0,18.2725,15.7853,70.571,67.079,0.64179950670507,160.0,90.0687026977539,95.5910873413086,0.999469995498657,98.7518005371094,98.803840637207,,,,,,,,,,,0.0,,,100.0,236.0,,162.174,204.679,,,29.1509990692139,41.9749984741211,1.0,0.0,46.14,31.53,,,,,,0.2,0.3,,,7.0,3.3,,,104.583457946777,100.250457763672,49.51251,62.9981002807617,96.22965,96.64492,18.2142857142857,,110.451038909849,108.84388185654,2.91999,2.81038,,,,,44.4533615112305,41.8012886047363,1.03632998466492,1.02225995063782,117.515846252441,95.58735,113.557777404785,91.98809,1.00493001937866,80.3278427124023,73.10344,78.7871932983398,72.74204,0.901489973068237,24.1077499389648,26.7422103881836,12.61985,12.57014,50.70361,49.13408,53.8968811035156,41.97733,63.6473141070626,53.7224354620059,0.0,74.377752,67.19233,,1.0,1.0,0.0,1.0,1.0,0.0,1.0,1.0,1.0,0.0,0.0,1.0,0.0,,,5.565,4.895,19.615,17.759,,,62.0123186757473,49.3446979083871,36.3526882192701,46.277564537994,,64.375,1.0,,,,,,,,,,,,,,,,,,,,,,32.8
2012,1.0,0.0,1.0,1.0,0.0,1.0,1.0,1.0,1.0,1.0,1.0,1.0,1.0,0.0,7.0,6.0,96.39396,95.52497,44.762,21.8,,2390787.5,2522881.0,2353017.5,2481264.5,2319227.5,2443775.5,2314211.0,2438071.0,2309766.0,2433942.0,2277839.0,2401111.5,83.1,,,,,,,,,,,,,,,,61.9,32.1292333894498,7.15230558101578,0.0,72.1,16.2,34.0,0.2,0.2,49.3,13.7,13.8,0.1,0.1,17.5,19.4,0.2,0.3,62.3,84.5,1.0,,,,,,,,,,,,,,,,,,,,,,,,,1.77721769558551,4.57638832405197,35.2689132335194,36.3366718992885,15.7731429460983,24.3191431338456,48.9579438203823,39.3441863473228,48.98,79.829,32.005,48.566,14.8,,,2.49,,,106.97861,102.76898,0.8,33.3,64.7,0.49,0.63,0.26,0.39,51.442,83.394,46666995.0,38.1448234868886,0.0,90.0,0.0,0.0,2.0,0.0,18.3513,15.7969,70.78,67.177,0.492504249525209,200.0,,,,,,86.7,0.0,3.4,7.6,52.0,,0.4,0.3,0.0,37.6,0.0,,,,207.0,282.0,160.869,205.062,,,27.5359992980957,39.0909996032715,1.0,0.0,46.62,31.62,,,,,95.7,0.2,0.3,,,7.3,3.6,,,110.772529602051,107.559219360352,48.49679,63.5864181518555,91.77538,91.53376,18.5714285714286,11.4,106.160952442912,105.259342252686,2.71602,3.07963,,,,,50.951789855957,49.1220703125,0.997099995613098,1.00821995735168,115.588447570801,93.29728,116.319107055664,92.43378,1.02687001228333,83.0290679931641,75.29503,80.1083297729492,73.1072,1.08235001564026,30.8710308074951,28.3287601470947,12.97548,12.80966,51.33164,49.55793,53.4810981750488,41.86729,61.4185742940954,50.816043249602,0.0,74.660157,67.252405,9.5,1.0,1.0,0.0,1.0,1.0,0.0,1.0,1.0,1.0,0.0,0.0,1.0,0.0,,,4.786,4.275,16.318,15.371,,,59.6413565985098,46.2396549255501,38.5814257059046,49.1839595113117,2.2,64.375,1.0,85.9,,,81.7,5.9,83.3,70.3,34.5,5.7,2.5,24.0,27.3,8.9,57.6,5.9,91.0,67.5,83.7,83.8,2.7,17.0,33.6
2013,1.0,0.0,1.0,1.0,0.0,1.0,1.0,1.0,1.0,1.0,1.0,1.0,1.0,0.0,8.0,7.0,94.14146,93.33495,43.219,,,2366454.5,2496691.0,2381021.5,2511556.5,2349185.0,2476508.0,2316082.5,2439965.0,2311589.0,2434969.5,2307566.0,2431398.5,87.4,,,,,,,,,,,,,98561.0,157299.0,,62.0,30.8484363258605,6.99846179595809,0.0,,,,,,,,,,,,,,,,,1.0,,,,,,,,,,,,,,,,,,,,,,,,,1.78001977978896,4.5440820422267,33.9120956697532,35.6258030566162,15.7330708568144,24.149460799435,50.3548245164122,40.2247457370822,48.505,79.211,31.087,47.475,,,,2.427,,,107.03923,103.91812,,,,0.48,0.58,0.24,0.36,50.67,82.841,46650505.0,37.9385995177369,0.0,90.0,0.0,0.0,2.0,0.0,18.5423,15.7823,71.346,67.228,0.46190954992673,220.0,,,,,,,,,,,,,,,,0.0,,,100.0,194.0,,152.461,206.261,,,27.7670001983643,38.0,1.0,0.0,47.72,35.08,,,,,95.4,0.2,0.3,,,7.7,3.8,19.4,20.5,108.720542907715,105.693099975586,48.45504,62.4184684753418,,,18.5714285714286,,104.849137931034,103.466048189666,1.8094,2.18441,,,,,55.321460723877,53.4271392822266,0.996599972248077,0.984489977359772,112.431121826172,90.99734,113.343162536621,90.17779,0.969980001449585,83.4393310546875,74.33205,85.5210723876953,76.34101,1.13372004032135,32.6823387145996,28.3118896484375,12.91466,12.93253,50.47971,48.05356,52.1381797790527,37.55274,60.3744894554145,49.5405567714547,0.0,75.758977,67.207811,,1.0,1.0,0.0,1.0,1.0,0.0,1.0,1.0,1.0,0.0,0.0,1.0,0.0,,,4.272,4.382,16.541,15.776,,,58.5944651971151,44.9964706178853,39.6255150230959,50.4594459694404,,64.375,1.0,,,,,,,,,,,,,,,,,,,,,,34.4
2014,1.0,0.0,1.0,1.0,0.0,1.0,1.0,1.0,1.0,1.0,1.0,1.0,1.0,0.0,11.0,9.0,92.59846,93.71928,40.797,,,2327739.0,2455092.0,2357364.5,2486140.0,2377338.5,2506963.5,2346160.0,2472818.0,2313588.5,2436989.0,2309495.0,2432524.5,,,,,,,,,,,,,,430781.0,222446.0,,61.6,30.0707540288859,6.45980874215175,0.0,,,,,,,,,,,,,,,,,1.0,,,,7.67516994476318,8.26311016082764,7.96649980545044,0.400440007448196,0.731429994106293,0.564450025558472,42.9284591674805,51.7385101318359,47.2939186096191,,,,72.3322219848633,80.9459762573242,76.6004180908203,8.48069000244141,8.83205986022949,8.65480041503906,27.3740692138672,34.879020690918,31.0928401947021,1.82278968441925,4.64847120698136,33.37014257841,34.8420976323669,15.4252689863603,25.0591058514455,51.2045972428495,40.0987951652275,48.631,79.201,30.276,46.342,,,,2.389,,,110.16031,105.05587,,,,0.45,0.52,0.23,0.32,50.595,82.633,47249683.0,37.9582555200611,0.0,90.0,0.0,0.0,2.0,0.0,18.6052,15.9152,71.466,67.624,0.462483738328649,220.0,93.4508972167969,96.7910079956055,0.999970018863678,99.6788330078125,99.6815567016602,,,,,,,,,,,0.0,,,,194.0,,152.838,200.078,,,28.4740009307861,37.8639984130859,1.0,0.0,46.74,31.91,,,,,,0.2,0.2,,,8.1,4.1,,,106.442291259766,112.81330871582,47.90869,62.0874900817871,,,16.9369369369369,11.8,105.045754956787,103.807679896741,2.03958,2.37336,,,,,58.8050994873047,56.996898651123,0.975399971008301,0.982280015945435,109.357360839844,89.41192,112.702102661133,90.55565,0.992699980735779,85.0775527954102,74.88044,85.4386520385742,75.52886,1.1308399438858,32.7231903076172,28.4416007995605,12.86708,12.89535,50.6962,48.56827,53.106071472168,39.25156,60.3488041884106,48.971938978809,0.0,75.839477,68.035575,,1.0,1.0,0.0,1.0,1.0,0.0,1.0,1.0,1.0,0.0,0.0,1.0,0.0,,,3.882,4.153,16.53,15.736,,,58.5260145039914,44.3234677718277,39.6511958115894,51.028061021191,,64.375,1.0,,,,,,,,,,,,,,,,,,,,,,35.2
2015,1.0,0.0,1.0,1.0,0.0,1.0,1.0,1.0,1.0,1.0,1.0,1.0,1.0,0.0,13.0,11.0,,,38.928,,,2296991.5,2421825.5,2319345.5,2445327.5,2353916.0,2481804.0,2374419.0,2503398.5,2343730.5,2469936.0,2311554.5,2434644.5,,,,,,,,,,,,,,,,,60.0,28.1993091947364,5.7728560562388,0.0,,,,,,,,,,,,,,,,,1.0,0.0204300004988909,0.0440299995243549,0.0321299992501736,8.06571960449219,8.90721988677979,8.48301029205322,0.348459988832474,0.687269985675812,0.516470015048981,44.4658393859863,53.2102508544922,48.8020706176758,,,,73.6172637939453,81.7100296020508,77.6303482055664,8.89855003356934,9.59994029998779,9.24635982513428,28.5251903533936,36.060848236084,32.262020111084,1.82363240258502,4.55602059093265,32.6083640744667,33.3120403883689,15.7613182511322,25.9040621165362,51.6303176744011,40.7839042023793,48.487,78.652,30.554,45.657,,41.8210478995871,,2.345,22.1,22.1,111.1325,107.12722,,,,0.42,0.47,0.21,0.29,50.731,82.413,48031872.0,38.0776744930613,0.0,90.0,0.0,0.0,2.0,0.0,18.6733,15.9702,71.629,67.791,0.46304214210099,220.0,93.3357086181641,97.1065216064453,0.999350011348724,99.6370162963867,99.7017593383789,,,,,,,,,,,0.0,,,100.0,194.0,,152.107,199.15,,,28.4379997253418,36.0929985046387,1.0,0.0,43.78,29.71,,,,,,0.2,0.2,4.3,69.1,8.5,4.5,,,106.067832946777,112.807029724121,47.8247,,,,17.1171171171171,22.9,100.644187801056,100.152797367184,1.14939,2.09589,,,22.7751076418898,23.4833345717202,,,0.971930027008057,0.985639989376068,107.468147277832,,111.157493591309,,1.00376999378204,89.7537384033203,76.28108,89.3442687988281,75.28854,1.11837995052338,35.169319152832,31.0060195922852,13.31348,13.36073,50.0869,48.78793,,42.75921,58.4440056249369,46.4227076334338,0.0,76.037266,68.260032,,1.0,1.0,0.0,1.0,1.0,0.0,1.0,1.0,1.0,0.0,0.0,1.0,0.0,8.12,8.36,4.423,4.563,17.342,17.231,26.9329589494308,26.8085988369592,56.620371044035,41.8666857010444,41.5559921967463,53.577293708023,,64.375,1.0,,,,,,,,,,,,,,,,,,,,,,36.0
2016,1.0,0.0,1.0,1.0,0.0,1.0,1.0,1.0,1.0,1.0,1.0,1.0,1.0,0.0,15.0,14.0,91.35384,95.76143,36.615,,,2265451.0,2388580.0,2289195.5,2412755.0,2316120.5,2441265.0,2351147.5,2478424.0,2372049.5,2500593.5,2341732.5,2467642.5,92.6,,,,,,,,,,,,,1003468.0,360524.0,,59.4,26.0854385656379,6.07961708463708,0.0,,,,,,,,,,,,,,,,,1.0,0.0278999991714954,0.0555000007152557,0.0415799990296364,8.48476028442383,9.10894966125488,8.79403018951416,0.387320011854172,0.71289998292923,0.548629999160767,40.2305488586426,47.7824401855469,43.9723091125488,,,,76.5524673461914,83.9914093017578,80.2382736206055,9.15911960601807,9.6416597366333,9.39820003509521,29.7811298370361,37.7545585632324,33.7317504882812,1.78260481233639,4.60145901443802,30.0653789081668,32.9206154023604,15.9950476964603,25.3150132066365,53.9395755249929,41.7643700560218,48.936,77.962,30.97,46.328,,,,2.309,,,102.96694,106.12483,,,,0.38,0.43,0.19,0.26,50.905,81.694,48846095.0,38.3588724768809,0.0,90.0,0.0,0.0,2.0,0.0,18.7251,15.9835,71.751,67.87,0.462390585500785,220.0,93.5869216918945,97.1744384765625,0.999700009822845,99.6535110473633,99.6834487915039,,,,,,,,,,,0.0,,,,194.0,,151.951,199.765,37.96325,46.84946,30.2409992218018,36.0730018615723,1.0,0.0,43.92,29.72,99.7753067016602,98.0667419433594,98.9575119018555,96.330940246582,,0.2,0.2,,,8.9,4.8,,,107.52417755127,108.382102966309,47.76931,62.0658798217773,87.35649,95.38974,17.1171171171171,25.7,100.939672993798,100.044253382223,1.22026,2.20074,,,,,58.7802505493164,64.8138122558594,0.969150006771088,0.995899975299835,105.206901550293,90.33389,109.098541259766,95.07411,1.03070998191833,90.5080032348633,,87.9027709960938,,1.12885999679565,37.9870910644531,33.0921287536621,13.41811,13.29878,50.8947,49.39896,49.1672706604004,42.74045,58.0962019206872,46.757052022153,0.0,76.158661,68.286349,,1.0,1.0,0.0,1.0,1.0,0.0,1.0,1.0,1.0,0.0,0.0,1.0,0.0,3.697,3.862,3.869,4.568,16.113,15.963,,,56.3135971083509,42.1555943426963,41.9037959496927,53.2429466428657,,64.375,1.0,,,,,,,,,,,,,,,,,,,,,,36.6
2017,1.0,0.0,1.0,1.0,0.0,1.0,1.0,1.0,1.0,1.0,1.0,1.0,1.0,0.0,17.0,17.0,92.76452,96.99213,36.012,22.4,27.1,2231604.5,2353905.5,2258201.0,2380141.0,2286167.5,2408925.5,2313508.5,2438072.0,2348880.5,2475744.0,2370085.0,2498346.0,90.9,,,,,,,,,,,,,1035605.0,427793.0,,63.6,25.2110825722921,6.16014127843602,0.0,69.9,11.3,44.6,0.1,0.3,43.7,12.7,17.1,0.0,0.2,23.3,15.5,0.1,0.3,60.8,85.7,1.0,,,,7.79683017730713,8.70506954193115,8.23369979858398,,,,45.7972183227539,53.9116516113281,49.7003593444824,,,,74.1445922851562,81.491943359375,77.6787490844727,,,,30.07253074646,37.7626609802246,33.7715682983398,1.84574342071973,4.63092389881866,28.8285777701256,32.0441262148747,16.6599753139398,25.4432216938821,54.5114489695467,42.512641587115,50.092,78.225,32.363,46.617,14.8,,,2.262,,,102.17675,105.69306,0.5,11.3,87.5,0.35,0.4,0.18,0.25,51.898,81.459,50450779.0,38.8800260838176,0.0,90.0,0.0,0.0,2.0,0.0,18.7989,16.0198,71.898,68.001,0.462625801490612,220.0,,,0.993595540523529,99.2900009155273,99.9300003051758,90.2,0.0,2.3,6.0,71.9,0.0,0.1,0.4,0.0,23.0,0.0,,,100.0,194.0,,151.493,199.216,41.58876,45.25246,,,1.0,0.0,44.71,30.02,99.9835510253906,99.0687713623047,99.2259368896484,97.3232727050781,97.5,0.2,0.2,,,,,,,105.219261169434,107.121726989746,47.77523,66.0027008056641,,,19.8214285714286,,97.7285092491839,98.8770237685153,0.96458,1.81293,,,,,59.9630508422852,66.2654724121094,0.968689978122711,0.993650019168854,103.704223632812,91.77869,107.554039001465,96.28794,1.02471005916595,93.0130462646484,,91.0240783691406,,1.13438999652863,39.3456192016602,34.0581398010254,13.59187,13.47526,50.71624,49.20422,54.6511688232422,42.86437,58.6353402654515,47.0481860905215,0.0,76.318713,68.448465,7.1,1.0,1.0,0.0,1.0,1.0,0.0,1.0,1.0,1.0,0.0,0.0,1.0,0.0,3.891,4.307,3.48,3.971,14.37,14.704,,,56.7895968447318,42.4172635047189,41.3646576809364,52.9518125964624,2.1,64.375,1.0,87.0,,,76.3,4.1,88.3,68.2,32.0,4.4,1.7,19.0,27.2,6.0,,,,,79.0,75.1,2.0,16.3,37.1
2018,1.0,0.0,1.0,1.0,0.0,1.0,1.0,1.0,1.0,1.0,1.0,1.0,1.0,0.0,19.0,20.0,92.01633,96.60866,35.293,,,2201505.0,2323113.5,2224800.5,2346007.0,2255295.0,2376477.5,2283666.0,2405868.5,2311346.0,2435508.5,2346996.0,2473575.0,93.6,,,,,,,,,,,,,1297303.0,667448.0,,,24.3721106419503,6.22553018895735,0.0,,,,,,,,,,,,,,,,,1.0,0.0280200000852346,0.0726900026202202,0.0501700006425381,9.22268009185791,9.5283203125,9.37423038482666,0.466470003128052,0.76460999250412,0.614300012588501,46.8422584533691,55.0540504455566,50.9141387939453,,,,74.9173583984375,81.9970397949219,78.4278793334961,9.91442966461182,10.0752000808716,9.99415016174316,30.9906997680664,38.2723388671875,34.6013603210449,1.90409666341628,4.6550741185525,27.5810704449425,31.093115563268,16.9805020423598,25.6977496551687,55.4384335026082,43.2091309050939,50.868,78.469,31.886,47.305,,,,2.234,,,100.5169,104.42266,,,,0.32,0.38,0.16,0.23,53.089,82.187,52271118.0,39.2051145897037,0.0,90.0,0.0,0.0,2.0,0.0,18.9919,16.1306,72.403,68.311,0.432861609001471,230.0,93.9921798706055,97.3313369750977,0.999790012836456,99.6962509155273,99.7174835205078,,,,,,,,,,,0.0,,,,181.0,,143.61,193.961,37.2727,43.66138,,,1.0,0.0,46.11,31.91,,,,,,0.2,0.2,3.9,70.3,,,16.6,18.8,103.938758850098,105.955856323242,47.77049,68.4348602294922,,,19.8214285714286,23.5,101.310551779043,100.652628986578,0.9885,1.64682,,,,,59.128978729248,65.4104919433594,0.967230021953583,0.993399977684021,102.872863769531,90.9674,106.740249633789,95.88766,1.02502000331879,95.164680480957,79.88474,93.2387237548828,77.64231,1.13780999183655,39.5933685302734,34.1368598937988,13.67324,13.54619,50.7191,49.17247,56.353199005127,42.86818,59.1657927720231,47.3166786154537,0.0,77.323016,69.135874,,1.0,1.0,0.0,1.0,1.0,0.0,1.0,1.0,1.0,0.0,0.0,1.0,0.0,3.843,4.286,4.183,4.523,16.543,16.329,,,57.2617020985172,42.6616032047447,40.8342012380665,52.6833188002332,,64.375,1.0,,,,,,,,,,,,,,,,,,,,,,37.4
2019,1.0,0.0,1.0,1.0,0.0,1.0,1.0,1.0,1.0,1.0,1.0,1.0,1.0,0.0,22.0,25.0,,,34.867,,,2184408.5,2306221.5,2195114.5,2315604.5,2222030.0,2342525.5,2252918.0,2373569.5,2281616.5,2403426.5,2309571.0,2433446.5,94.7,,,,,,,,,,,,,,,,,24.1439205740408,5.78968936769953,0.0,,,,,,,,,,,,,,,,,1.0,,,,,,,,,,,,,,,,,,,,,,,,,1.891353653761,4.57111903932546,26.5732763727184,30.1319061285964,16.6403326894727,26.0015259112633,56.786398636958,43.8665780409784,52.105,79.451,34.676,48.089,,41.8208333923287,,2.215,,,,,,,,0.3,0.35,0.15,0.22,53.91,82.545,53753317.0,39.4658990593467,0.0,90.0,0.0,0.0,2.0,0.0,19.0658,16.1871,72.597,68.481,0.324109012158324,310.0,,,,,,,,,,,,,,,,0.0,,,,158.0,,142.276,192.873,,,,,1.0,0.0,45.83,31.51,,,,,,0.1,0.2,3.8,70.6,,,,,104.211196899414,104.990730285645,,67.023567199707,,,17.3913043478261,14.2857142857142,96.1817127952471,94.9661041396221,,,,,,,,,,,100.881828308105,,104.224891662598,,,96.8309783935547,,94.790885925293,,1.11000955104828,40.1930503845215,35.7714347839355,,,,,58.812614440918,,59.0336490337231,47.2728002671523,0.0,77.587465,69.372573,,1.0,1.0,0.0,1.0,1.0,0.0,1.0,1.0,1.0,0.0,0.0,1.0,0.0,4.432,4.792,3.348,3.748,13.275,13.802,,,57.1422876808133,42.7016799677221,40.9663548158513,52.7271997328477,,64.375,1.0,,,,,,,,,,,,,,,,,,,,,,37.7
2020,1.0,0.0,1.0,1.0,0.0,1.0,1.0,1.0,1.0,1.0,1.0,1.0,1.0,0.0,24.0,28.0,,,34.485,,,2170692.5,2292493.5,2178464.5,2299023.0,2192572.5,2312383.5,2219835.5,2339825.5,2251013.0,2371294.0,2279957.5,2401501.0,,,,,,,,,,,,,,,,,,25.1330856875433,6.51050241686227,0.0,,,,,,,,,,,,,,,,,1.0,0.0294599998742342,0.0595300011336803,0.044369999319315,10.5581798553467,10.4752597808838,10.5170803070068,0.487870007753372,0.751110017299652,0.618369996547699,51.0051803588867,58.2127990722656,54.5782318115234,,,,78.8771896362305,85.0428314208984,81.9337005615234,11.1285400390625,10.9258699417114,11.0280704498291,34.6297912597656,41.6345100402832,38.1022605895996,1.79027511200879,4.46866824722274,27.1472778120041,31.1616813000612,15.8034197965312,25.2949527796906,57.0493101403245,43.5433659202482,51.165,77.885,33.287,46.62,,,,2.194,,,,,,,,0.27,0.33,0.14,0.2,53.167,81.61,53640268.0,39.4104013007248,0.0,90.0,0.0,0.0,2.0,0.0,17.6432,14.5816,70.982,66.745,0.353906437053535,280.0,94.5523529052734,97.4493103027344,1.00004005432129,99.7814483642578,99.7776718139648,,,,,,,,,,,0.0,,,,173.0,,161.38,219.64,,,,,1.0,0.0,48.25,34.42,,,,,,0.1,0.2,3.7,71.4,,,,,102.370307922363,103.87614440918,,69.4591369628906,,,20.3478260869565,17.1428571428571,95.3630505547067,94.2014644765486,,,,,,,,,,,100.612648010254,,104.170478820801,,,98.4051818847656,,97.7021408081055,,1.13140785694122,41.4426002502441,35.9967155456543,,,,,58.6996078491211,,59.9851721705457,48.4124925826064,0.0,74.639544,65.124344,,1.0,1.0,0.0,1.0,1.0,0.0,1.0,1.0,1.0,0.0,0.0,1.0,0.0,6.984,7.679,3.766,4.565,14.355,15.053,,,58.1948989957517,43.9438294178572,40.0148239550247,51.5875048761568,,64.375,1.0,,,,,,,,,,,,,,,,,,,,,,37.9
2021,1.0,0.0,1.0,1.0,0.0,1.0,1.0,1.0,1.0,1.0,1.0,1.0,1.0,0.0,24.0,31.0,,,33.929,,,2156855.5,2278394.5,2165115.5,2285605.5,2176121.5,2296030.5,2190544.5,2309877.0,2218065.0,2337707.0,2249458.0,2369493.5,,,,,,,,,,,,,,,,,,25.385491281591,6.84342267717632,0.0,,,,,,,,,,,,,,,,,1.0,,,,,,,,,,,,,,,,,,,,,,,,,1.69389497352478,4.23058117101917,26.0036608450052,30.9558603412993,15.9065774840319,25.6246966665805,58.0897675103763,43.4194417077614,50.394,76.286,33.074,43.785,,,,2.175,,,,,,,,0.25,0.32,0.13,0.19,52.034,79.69,53047161.0,39.4749843756645,0.0,90.0,0.0,0.0,2.0,0.0,16.6963,13.7467,69.744,65.533,,,,,,,,,,,,,,,,,,0.0,,,,,,179.774,244.106,,,,,1.0,0.0,49.96,36.64,,,,,,0.1,0.1,,,,,,,102.089614868164,104.608123779297,,69.6465225219727,,,21.0434782608696,,86.7483067660943,85.8363858363858,,,,,,,,,,,100.171264648438,,103.717628479004,,,99.5992889404297,,98.6203308105469,,1.15243935585022,44.4789848327637,37.6986351013184,,,,,59.7155609130859,,60.5987944298307,48.194033717241,0.0,72.05884,62.017391,,1.0,1.0,0.0,1.0,1.0,0.0,1.0,1.0,1.0,0.0,0.0,1.0,0.0,8.51,9.607,3.152,4.272,12.68,14.617,,,58.9049014027769,43.9634486931458,39.4012036236983,51.8059688514764,,64.375,1.0,,,,,,,,,,,,,,,,,,,,,,37.9
2022,1.0,0.0,1.0,1.0,0.0,1.0,1.0,1.0,1.0,1.0,1.0,1.0,1.0,0.0,,,,,,,,2142628.5,2263929.5,2151420.0,2271630.0,2162801.0,2282652.0,2174118.5,2293554.0,2188803.0,2307790.5,2216536.0,2335932.0,,,,,,,,,,,,,,,,,,26.0550639861312,5.92236831759153,1.0,,,,,,,,,,,,,,,,,1.0,,,,,,,,,,,,,,,,,,,,,,,,,1.74490298231705,4.08316744799304,26.5394710234216,31.0625341220021,16.31752297418,25.461939926493,57.1429983685758,43.475530894484,50.877,78.516,32.805,44.745,,,,,,,,,,,,,,,,52.531,81.498,54102346.0,39.1763546701005,0.0,90.0,0.0,0.0,2.0,0.0,,,,,,,,,,,,,,,,,,,,,,0.0,,,,,,,,,,,,1.0,0.0,47.65,33.71,,,,,,,,,,,,,,101.527946472168,104.370239257812,,70.5644760131836,,,21.9130434782609,20.6896551724138,94.8985992055195,94.6534790427445,,,,,,,,,,,98.8095092773438,,102.387107849121,,,99.3765411376953,,98.5876846313477,,1.18024003505707,46.9751281738281,38.50830078125,,,,,60.4365921020508,,61.0096444573694,48.5465436387242,0.0,,,,1.0,1.0,0.0,1.0,1.0,0.0,1.0,1.0,1.0,0.0,1.0,1.0,0.0,5.709,6.451,3.15,3.66,13.617,14.349,,,59.2647433835081,44.4633761907311,38.9903555426306,51.4534526540417,,70.625,1.0,,,,,,,,,,,,,,,,,,,,,,
2023,1.0,0.0,1.0,1.0,0.0,1.0,1.0,1.0,1.0,1.0,1.0,1.0,1.0,0.0,,,,,,,,,,,,,,,,,,,,,,,,,,,,,,,,,,,,,,,1.0,,,,,,,,,,,,,,,,,1.0,,,,,,,,,,,,,,,,,,,,,,,,,,,,,,,,,51.678,79.083,33.429,45.752,,,,,,,,,,,,,,,,53.274,81.917,55516723.0,39.3928165584309,0.0,90.0,0.0,0.0,2.0,0.0,,,,,,,,,,,,,,,,,,,,,,0.0,56.0,56.0,,,,,,,,,,1.0,0.0,,,,,,,,,,,,,,,,,,,,,,,,95.900059311981,,,,56.0,56.0,,,,,,,,,,,,,,,,,,,,,,,,,,,0.0,,,,1.0,1.0,0.0,1.0,1.0,0.0,1.0,1.0,1.0,0.0,1.0,1.0,0.0,,,2.996,3.459,12.935,13.488,,,,,,,,70.625,1.0,,,,,,,,,,,,,,,,,,,,,,
